file_path,transcription,repetition,quality_score,rms,snr_db,duration
/Users/hasantekbas/Downloads/Algorix Project Doc/Fikret Bey /Pronouns/data/users/FurkanV1/words/Bir/rep1.wav,Bir,1,100.0,3195.81005859375,51.681365966796875,3.328
/Users/hasantekbas/Downloads/Algorix Project Doc/Fikret Bey /Pronouns/data/users/FurkanV1/words/Bir/rep2.wav,Bir,2,100.0,2618.6123046875,47.28771209716797,3.2
/Users/hasantekbas/Downloads/Algorix Project Doc/Fikret Bey /Pronouns/data/users/FurkanV1/words/Bir/rep3.wav,Bir,3,100.0,3015.11279296875,50.71223735809326,3.328
/Users/hasantekbas/Downloads/Algorix Project Doc/Fikret Bey /Pronouns/data/users/FurkanV1/words/Bir/rep4.wav,Bir,4,100.0,2394.468505859375,50.1627254486084,3.008
/Users/hasantekbas/Downloads/Algorix Project Doc/Fikret Bey /Pronouns/data/users/FurkanV1/words/Bir/rep5.wav,Bir,5,100.0,1631.762451171875,40.01424312591553,3.52
/Users/hasantekbas/Downloads/Algorix Project Doc/Fikret Bey /Pronouns/data/users/FurkanV1/words/Bir/rep6.wav,Bir,6,100.0,2403.04833984375,46.882452964782715,2.688
/Users/hasantekbas/Downloads/Algorix Project Doc/Fikret Bey /Pronouns/data/users/FurkanV1/words/Bir/rep7.wav,Bir,7,100.0,1628.9381103515625,43.99638652801514,3.2
/Users/hasantekbas/Downloads/Algorix Project Doc/Fikret Bey /Pronouns/data/users/FurkanV1/words/Bir/rep8.wav,Bir,8,100.0,2238.80078125,44.554171562194824,3.584
/Users/hasantekbas/Downloads/Algorix Project Doc/Fikret Bey /Pronouns/data/users/FurkanV1/words/Bir/rep9.wav,Bir,9,100.0,1716.1539306640625,42.96167850494385,3.456
/Users/hasantekbas/Downloads/Algorix Project Doc/Fikret Bey /Pronouns/data/users/FurkanV1/words/Bir/rep10.wav,Bir,10,100.0,1866.7386474609375,43.22603225708008,3.456
/Users/hasantekbas/Downloads/Algorix Project Doc/Fikret Bey /Pronouns/data/users/FurkanV1/words/İki/rep1.wav,İki,1,100.0,2093.339111328125,42.18636512756348,3.584
/Users/hasantekbas/Downloads/Algorix Project Doc/Fikret Bey /Pronouns/data/users/FurkanV1/words/İki/rep2.wav,İki,2,100.0,1653.574462890625,42.14334011077881,3.072
/Users/hasantekbas/Downloads/Algorix Project Doc/Fikret Bey /Pronouns/data/users/FurkanV1/words/İki/rep3.wav,İki,3,100.0,2404.503173828125,44.8463773727417,3.136
/Users/hasantekbas/Downloads/Algorix Project Doc/Fikret Bey /Pronouns/data/users/FurkanV1/words/İki/rep4.wav,İki,4,100.0,2443.399169921875,44.21647071838379,3.648
/Users/hasantekbas/Downloads/Algorix Project Doc/Fikret Bey /Pronouns/data/users/FurkanV1/words/İki/rep5.wav,İki,5,100.0,2064.96484375,42.955894470214844,3.648
/Users/hasantekbas/Downloads/Algorix Project Doc/Fikret Bey /Pronouns/data/users/FurkanV1/words/İki/rep6.wav,İki,6,100.0,2872.1796875,47.14796543121338,3.712
/Users/hasantekbas/Downloads/Algorix Project Doc/Fikret Bey /Pronouns/data/users/FurkanV1/words/İki/rep7.wav,İki,7,100.0,2497.843017578125,43.910579681396484,3.136
/Users/hasantekbas/Downloads/Algorix Project Doc/Fikret Bey /Pronouns/data/users/FurkanV1/words/İki/rep8.wav,İki,8,100.0,2537.21923828125,44.87959384918213,3.84
/Users/hasantekbas/Downloads/Algorix Project Doc/Fikret Bey /Pronouns/data/users/FurkanV1/words/İki/rep9.wav,İki,9,100.0,2795.085693359375,44.46958065032959,3.328
/Users/hasantekbas/Downloads/Algorix Project Doc/Fikret Bey /Pronouns/data/users/FurkanV1/words/İki/rep10.wav,İki,10,100.0,2477.460205078125,44.05893325805664,3.136
/Users/hasantekbas/Downloads/Algorix Project Doc/Fikret Bey /Pronouns/data/users/FurkanV1/words/Üç/rep1.wav,Üç,1,100.0,2355.34033203125,47.452945709228516,3.264
/Users/hasantekbas/Downloads/Algorix Project Doc/Fikret Bey /Pronouns/data/users/FurkanV1/words/Üç/rep2.wav,Üç,2,100.0,1915.0518798828125,46.087679862976074,3.008
/Users/hasantekbas/Downloads/Algorix Project Doc/Fikret Bey /Pronouns/data/users/FurkanV1/words/Üç/rep3.wav,Üç,3,100.0,2177.554931640625,43.2969331741333,2.688
/Users/hasantekbas/Downloads/Algorix Project Doc/Fikret Bey /Pronouns/data/users/FurkanV1/words/Üç/rep4.wav,Üç,4,100.0,1881.1611328125,44.29000377655029,3.264
/Users/hasantekbas/Downloads/Algorix Project Doc/Fikret Bey /Pronouns/data/users/FurkanV1/words/Üç/rep5.wav,Üç,5,100.0,1975.023193359375,46.48934364318848,3.2
/Users/hasantekbas/Downloads/Algorix Project Doc/Fikret Bey /Pronouns/data/users/FurkanV1/words/Üç/rep6.wav,Üç,6,100.0,1018.8915405273438,41.290321350097656,2.944
/Users/hasantekbas/Downloads/Algorix Project Doc/Fikret Bey /Pronouns/data/users/FurkanV1/words/Üç/rep7.wav,Üç,7,100.0,1790.75390625,44.92842674255371,3.2
/Users/hasantekbas/Downloads/Algorix Project Doc/Fikret Bey /Pronouns/data/users/FurkanV1/words/Üç/rep8.wav,Üç,8,100.0,2061.477294921875,46.590471267700195,3.264
/Users/hasantekbas/Downloads/Algorix Project Doc/Fikret Bey /Pronouns/data/users/FurkanV1/words/Üç/rep9.wav,Üç,9,100.0,2133.4013671875,48.00712585449219,3.008
/Users/hasantekbas/Downloads/Algorix Project Doc/Fikret Bey /Pronouns/data/users/FurkanV1/words/Üç/rep10.wav,Üç,10,100.0,1925.4783935546875,44.97444152832031,3.2
/Users/hasantekbas/Downloads/Algorix Project Doc/Fikret Bey /Pronouns/data/users/FurkanV1/words/Dört/rep1.wav,Dört,1,100.0,1891.6575927734375,43.09679985046387,3.456
/Users/hasantekbas/Downloads/Algorix Project Doc/Fikret Bey /Pronouns/data/users/FurkanV1/words/Dört/rep2.wav,Dört,2,100.0,1298.3638916015625,40.83412170410156,3.328
/Users/hasantekbas/Downloads/Algorix Project Doc/Fikret Bey /Pronouns/data/users/FurkanV1/words/Dört/rep3.wav,Dört,3,100.0,1863.6004638671875,43.20702075958252,3.264
/Users/hasantekbas/Downloads/Algorix Project Doc/Fikret Bey /Pronouns/data/users/FurkanV1/words/Dört/rep4.wav,Dört,4,100.0,2077.670654296875,45.02396583557129,3.2
/Users/hasantekbas/Downloads/Algorix Project Doc/Fikret Bey /Pronouns/data/users/FurkanV1/words/Dört/rep5.wav,Dört,5,100.0,1868.5809326171875,46.40026569366455,3.136
/Users/hasantekbas/Downloads/Algorix Project Doc/Fikret Bey /Pronouns/data/users/FurkanV1/words/Dört/rep6.wav,Dört,6,100.0,1454.361572265625,43.01522254943848,2.944
/Users/hasantekbas/Downloads/Algorix Project Doc/Fikret Bey /Pronouns/data/users/FurkanV1/words/Dört/rep7.wav,Dört,7,100.0,1854.1392822265625,46.37351036071777,3.008
/Users/hasantekbas/Downloads/Algorix Project Doc/Fikret Bey /Pronouns/data/users/FurkanV1/words/Dört/rep8.wav,Dört,8,100.0,2174.07421875,45.17483711242676,3.2
/Users/hasantekbas/Downloads/Algorix Project Doc/Fikret Bey /Pronouns/data/users/FurkanV1/words/Dört/rep9.wav,Dört,9,100.0,1928.7781982421875,45.30182361602783,3.008
/Users/hasantekbas/Downloads/Algorix Project Doc/Fikret Bey /Pronouns/data/users/FurkanV1/words/Dört/rep10.wav,Dört,10,100.0,1878.999755859375,42.670464515686035,3.136
/Users/hasantekbas/Downloads/Algorix Project Doc/Fikret Bey /Pronouns/data/users/FurkanV1/words/Beş/rep1.wav,Beş,1,100.0,663.9850463867188,30.42123556137085,2.944
/Users/hasantekbas/Downloads/Algorix Project Doc/Fikret Bey /Pronouns/data/users/FurkanV1/words/Beş/rep2.wav,Beş,2,100.0,2349.80712890625,46.99401378631592,3.264
/Users/hasantekbas/Downloads/Algorix Project Doc/Fikret Bey /Pronouns/data/users/FurkanV1/words/Beş/rep3.wav,Beş,3,100.0,2081.28173828125,47.98818588256836,3.264
/Users/hasantekbas/Downloads/Algorix Project Doc/Fikret Bey /Pronouns/data/users/FurkanV1/words/Beş/rep4.wav,Beş,4,100.0,1881.8812255859375,42.5734281539917,3.456
/Users/hasantekbas/Downloads/Algorix Project Doc/Fikret Bey /Pronouns/data/users/FurkanV1/words/Beş/rep5.wav,Beş,5,100.0,1731.0787353515625,44.77377891540527,3.328
/Users/hasantekbas/Downloads/Algorix Project Doc/Fikret Bey /Pronouns/data/users/FurkanV1/words/Beş/rep6.wav,Beş,6,100.0,2110.781005859375,43.02444934844971,3.328
/Users/hasantekbas/Downloads/Algorix Project Doc/Fikret Bey /Pronouns/data/users/FurkanV1/words/Beş/rep7.wav,Beş,7,100.0,2275.86865234375,45.938100814819336,3.328
/Users/hasantekbas/Downloads/Algorix Project Doc/Fikret Bey /Pronouns/data/users/FurkanV1/words/Beş/rep8.wav,Beş,8,100.0,2020.05615234375,43.55507850646973,3.456
/Users/hasantekbas/Downloads/Algorix Project Doc/Fikret Bey /Pronouns/data/users/FurkanV1/words/Beş/rep9.wav,Beş,9,100.0,2078.981689453125,42.15646266937256,3.392
/Users/hasantekbas/Downloads/Algorix Project Doc/Fikret Bey /Pronouns/data/users/FurkanV1/words/Beş/rep10.wav,Beş,10,100.0,1958.973388671875,41.95042610168457,3.456
/Users/hasantekbas/Downloads/Algorix Project Doc/Fikret Bey /Pronouns/data/users/FurkanV1/words/Altı/rep1.wav,Altı,1,100.0,2787.49169921875,42.00146198272705,2.752
/Users/hasantekbas/Downloads/Algorix Project Doc/Fikret Bey /Pronouns/data/users/FurkanV1/words/Altı/rep2.wav,Altı,2,100.0,2116.98388671875,44.724740982055664,3.392
/Users/hasantekbas/Downloads/Algorix Project Doc/Fikret Bey /Pronouns/data/users/FurkanV1/words/Altı/rep3.wav,Altı,3,100.0,2508.246826171875,43.33430290222168,3.648
/Users/hasantekbas/Downloads/Algorix Project Doc/Fikret Bey /Pronouns/data/users/FurkanV1/words/Altı/rep4.wav,Altı,4,100.0,2382.397216796875,44.433603286743164,3.584
/Users/hasantekbas/Downloads/Algorix Project Doc/Fikret Bey /Pronouns/data/users/FurkanV1/words/Altı/rep5.wav,Altı,5,100.0,2293.829345703125,43.263702392578125,3.2
/Users/hasantekbas/Downloads/Algorix Project Doc/Fikret Bey /Pronouns/data/users/FurkanV1/words/Altı/rep6.wav,Altı,6,100.0,2439.299560546875,44.517526626586914,3.648
/Users/hasantekbas/Downloads/Algorix Project Doc/Fikret Bey /Pronouns/data/users/FurkanV1/words/Altı/rep7.wav,Altı,7,100.0,2648.60107421875,44.906415939331055,3.584
/Users/hasantekbas/Downloads/Algorix Project Doc/Fikret Bey /Pronouns/data/users/FurkanV1/words/Altı/rep8.wav,Altı,8,100.0,3013.59228515625,44.74662780761719,3.392
/Users/hasantekbas/Downloads/Algorix Project Doc/Fikret Bey /Pronouns/data/users/FurkanV1/words/Altı/rep9.wav,Altı,9,100.0,2922.4560546875,45.60403823852539,3.648
/Users/hasantekbas/Downloads/Algorix Project Doc/Fikret Bey /Pronouns/data/users/FurkanV1/words/Altı/rep10.wav,Altı,10,100.0,2454.5498046875,43.4580659866333,3.776
/Users/hasantekbas/Downloads/Algorix Project Doc/Fikret Bey /Pronouns/data/users/FurkanV1/words/Yedi/rep1.wav,Yedi,1,100.0,1856.0421142578125,42.9550838470459,3.456
/Users/hasantekbas/Downloads/Algorix Project Doc/Fikret Bey /Pronouns/data/users/FurkanV1/words/Yedi/rep2.wav,Yedi,2,100.0,1654.9735107421875,43.402085304260254,3.328
/Users/hasantekbas/Downloads/Algorix Project Doc/Fikret Bey /Pronouns/data/users/FurkanV1/words/Yedi/rep3.wav,Yedi,3,100.0,1522.6561279296875,38.124706745147705,3.712
/Users/hasantekbas/Downloads/Algorix Project Doc/Fikret Bey /Pronouns/data/users/FurkanV1/words/Yedi/rep4.wav,Yedi,4,100.0,2463.26416015625,44.50826644897461,3.84
/Users/hasantekbas/Downloads/Algorix Project Doc/Fikret Bey /Pronouns/data/users/FurkanV1/words/Yedi/rep5.wav,Yedi,5,100.0,3695.732177734375,40.533695220947266,3.584
/Users/hasantekbas/Downloads/Algorix Project Doc/Fikret Bey /Pronouns/data/users/FurkanV1/words/Yedi/rep6.wav,Yedi,6,100.0,2112.42431640625,37.29586362838745,2.752
/Users/hasantekbas/Downloads/Algorix Project Doc/Fikret Bey /Pronouns/data/users/FurkanV1/words/Yedi/rep7.wav,Yedi,7,100.0,1793.9896240234375,43.93257141113281,3.328
/Users/hasantekbas/Downloads/Algorix Project Doc/Fikret Bey /Pronouns/data/users/FurkanV1/words/Yedi/rep8.wav,Yedi,8,100.0,2463.80908203125,44.193382263183594,3.328
/Users/hasantekbas/Downloads/Algorix Project Doc/Fikret Bey /Pronouns/data/users/FurkanV1/words/Yedi/rep9.wav,Yedi,9,100.0,1794.86279296875,40.55178642272949,3.712
/Users/hasantekbas/Downloads/Algorix Project Doc/Fikret Bey /Pronouns/data/users/FurkanV1/words/Yedi/rep10.wav,Yedi,10,100.0,2007.725830078125,41.88708305358887,3.648
/Users/hasantekbas/Downloads/Algorix Project Doc/Fikret Bey /Pronouns/data/users/FurkanV1/words/Sekiz/rep1.wav,Sekiz,1,100.0,3279.682861328125,41.01492404937744,4.288
/Users/hasantekbas/Downloads/Algorix Project Doc/Fikret Bey /Pronouns/data/users/FurkanV1/words/Sekiz/rep2.wav,Sekiz,2,100.0,2370.0234375,43.288917541503906,3.776
/Users/hasantekbas/Downloads/Algorix Project Doc/Fikret Bey /Pronouns/data/users/FurkanV1/words/Sekiz/rep3.wav,Sekiz,3,100.0,3030.693115234375,44.83870983123779,4.032
/Users/hasantekbas/Downloads/Algorix Project Doc/Fikret Bey /Pronouns/data/users/FurkanV1/words/Sekiz/rep4.wav,Sekiz,4,100.0,2821.948974609375,44.18569564819336,3.904
/Users/hasantekbas/Downloads/Algorix Project Doc/Fikret Bey /Pronouns/data/users/FurkanV1/words/Sekiz/rep5.wav,Sekiz,5,100.0,2342.032958984375,43.76934051513672,3.264
/Users/hasantekbas/Downloads/Algorix Project Doc/Fikret Bey /Pronouns/data/users/FurkanV1/words/Sekiz/rep6.wav,Sekiz,6,100.0,3011.046142578125,43.41409683227539,4.096
/Users/hasantekbas/Downloads/Algorix Project Doc/Fikret Bey /Pronouns/data/users/FurkanV1/words/Sekiz/rep7.wav,Sekiz,7,100.0,4084.3369140625,40.17859935760498,4.032
/Users/hasantekbas/Downloads/Algorix Project Doc/Fikret Bey /Pronouns/data/users/FurkanV1/words/Sekiz/rep8.wav,Sekiz,8,100.0,3273.90380859375,45.081305503845215,4.096
/Users/hasantekbas/Downloads/Algorix Project Doc/Fikret Bey /Pronouns/data/users/FurkanV1/words/Sekiz/rep9.wav,Sekiz,9,100.0,2975.5283203125,41.95321083068848,3.584
/Users/hasantekbas/Downloads/Algorix Project Doc/Fikret Bey /Pronouns/data/users/FurkanV1/words/Sekiz/rep10.wav,Sekiz,10,100.0,2629.4541015625,41.433773040771484,4.16
/Users/hasantekbas/Downloads/Algorix Project Doc/Fikret Bey /Pronouns/data/users/FurkanV1/words/Dokuz/rep1.wav,Dokuz,1,100.0,2897.443115234375,40.86156368255615,3.712
/Users/hasantekbas/Downloads/Algorix Project Doc/Fikret Bey /Pronouns/data/users/FurkanV1/words/Dokuz/rep2.wav,Dokuz,2,100.0,2834.172119140625,41.37934684753418,3.392
/Users/hasantekbas/Downloads/Algorix Project Doc/Fikret Bey /Pronouns/data/users/FurkanV1/words/Dokuz/rep3.wav,Dokuz,3,100.0,2338.002197265625,42.732205390930176,3.776
/Users/hasantekbas/Downloads/Algorix Project Doc/Fikret Bey /Pronouns/data/users/FurkanV1/words/Dokuz/rep4.wav,Dokuz,4,100.0,2511.251708984375,42.504849433898926,3.776
/Users/hasantekbas/Downloads/Algorix Project Doc/Fikret Bey /Pronouns/data/users/FurkanV1/words/Dokuz/rep5.wav,Dokuz,5,100.0,2396.733642578125,42.1885347366333,3.776
/Users/hasantekbas/Downloads/Algorix Project Doc/Fikret Bey /Pronouns/data/users/FurkanV1/words/Dokuz/rep6.wav,Dokuz,6,100.0,3104.87353515625,42.33442306518555,3.456
/Users/hasantekbas/Downloads/Algorix Project Doc/Fikret Bey /Pronouns/data/users/FurkanV1/words/Dokuz/rep7.wav,Dokuz,7,100.0,2779.22265625,43.04177761077881,3.776
/Users/hasantekbas/Downloads/Algorix Project Doc/Fikret Bey /Pronouns/data/users/FurkanV1/words/Dokuz/rep8.wav,Dokuz,8,100.0,2683.539306640625,43.329758644104004,3.648
/Users/hasantekbas/Downloads/Algorix Project Doc/Fikret Bey /Pronouns/data/users/FurkanV1/words/Dokuz/rep9.wav,Dokuz,9,100.0,2359.322998046875,41.64653778076172,3.712
/Users/hasantekbas/Downloads/Algorix Project Doc/Fikret Bey /Pronouns/data/users/FurkanV1/words/Dokuz/rep10.wav,Dokuz,10,100.0,2375.86279296875,42.73771286010742,3.712
/Users/hasantekbas/Downloads/Algorix Project Doc/Fikret Bey /Pronouns/data/users/FurkanV1/words/On/rep1.wav,On,1,100.0,2047.7547607421875,49.11285877227783,3.008
/Users/hasantekbas/Downloads/Algorix Project Doc/Fikret Bey /Pronouns/data/users/FurkanV1/words/On/rep2.wav,On,2,100.0,2050.5849609375,49.29978370666504,3.008
/Users/hasantekbas/Downloads/Algorix Project Doc/Fikret Bey /Pronouns/data/users/FurkanV1/words/On/rep3.wav,On,3,100.0,2336.016357421875,47.79075622558594,3.136
/Users/hasantekbas/Downloads/Algorix Project Doc/Fikret Bey /Pronouns/data/users/FurkanV1/words/On/rep4.wav,On,4,100.0,2105.377685546875,47.08687782287598,3.072
/Users/hasantekbas/Downloads/Algorix Project Doc/Fikret Bey /Pronouns/data/users/FurkanV1/words/On/rep5.wav,On,5,100.0,2307.497314453125,48.932175636291504,3.072
/Users/hasantekbas/Downloads/Algorix Project Doc/Fikret Bey /Pronouns/data/users/FurkanV1/words/On/rep6.wav,On,6,100.0,1933.2742919921875,43.624515533447266,3.264
/Users/hasantekbas/Downloads/Algorix Project Doc/Fikret Bey /Pronouns/data/users/FurkanV1/words/On/rep7.wav,On,7,100.0,2196.97265625,48.28171730041504,3.072
/Users/hasantekbas/Downloads/Algorix Project Doc/Fikret Bey /Pronouns/data/users/FurkanV1/words/On/rep8.wav,On,8,100.0,2048.8095703125,47.7415132522583,3.072
/Users/hasantekbas/Downloads/Algorix Project Doc/Fikret Bey /Pronouns/data/users/FurkanV1/words/On/rep9.wav,On,9,100.0,2002.360595703125,46.792216300964355,3.136
/Users/hasantekbas/Downloads/Algorix Project Doc/Fikret Bey /Pronouns/data/users/FurkanV1/words/On/rep10.wav,On,10,100.0,2334.83740234375,48.35157871246338,3.136
/Users/hasantekbas/Downloads/Algorix Project Doc/Fikret Bey /Pronouns/data/users/FurkanV1/words/Pazartesi/rep1.wav,Pazartesi,1,100.0,3218.693115234375,43.233985900878906,4.608
/Users/hasantekbas/Downloads/Algorix Project Doc/Fikret Bey /Pronouns/data/users/FurkanV1/words/Pazartesi/rep2.wav,Pazartesi,2,100.0,2650.998291015625,36.31069898605347,4.096
/Users/hasantekbas/Downloads/Algorix Project Doc/Fikret Bey /Pronouns/data/users/FurkanV1/words/Pazartesi/rep3.wav,Pazartesi,3,100.0,3154.05029296875,37.85508632659912,3.968
/Users/hasantekbas/Downloads/Algorix Project Doc/Fikret Bey /Pronouns/data/users/FurkanV1/words/Pazartesi/rep4.wav,Pazartesi,4,100.0,3433.766845703125,42.24984169006348,5.184
/Users/hasantekbas/Downloads/Algorix Project Doc/Fikret Bey /Pronouns/data/users/FurkanV1/words/Pazartesi/rep5.wav,Pazartesi,5,100.0,4327.0869140625,38.3589243888855,2.688
/Users/hasantekbas/Downloads/Algorix Project Doc/Fikret Bey /Pronouns/data/users/FurkanV1/words/Pazartesi/rep6.wav,Pazartesi,6,100.0,3290.70703125,41.5439510345459,3.904
/Users/hasantekbas/Downloads/Algorix Project Doc/Fikret Bey /Pronouns/data/users/FurkanV1/words/Pazartesi/rep7.wav,Pazartesi,7,100.0,3228.578369140625,39.71141576766968,3.2
/Users/hasantekbas/Downloads/Algorix Project Doc/Fikret Bey /Pronouns/data/users/FurkanV1/words/Pazartesi/rep8.wav,Pazartesi,8,100.0,3712.719970703125,40.28426647186279,4.096
/Users/hasantekbas/Downloads/Algorix Project Doc/Fikret Bey /Pronouns/data/users/FurkanV1/words/Pazartesi/rep9.wav,Pazartesi,9,100.0,3484.415771484375,41.28037929534912,3.712
/Users/hasantekbas/Downloads/Algorix Project Doc/Fikret Bey /Pronouns/data/users/FurkanV1/words/Pazartesi/rep10.wav,Pazartesi,10,100.0,2782.297119140625,39.26769495010376,5.056
/Users/hasantekbas/Downloads/Algorix Project Doc/Fikret Bey /Pronouns/data/users/FurkanV1/words/Salı/rep1.wav,Salı,1,100.0,2625.8984375,45.43787479400635,3.712
/Users/hasantekbas/Downloads/Algorix Project Doc/Fikret Bey /Pronouns/data/users/FurkanV1/words/Salı/rep2.wav,Salı,2,100.0,2324.149658203125,45.39557933807373,3.52
/Users/hasantekbas/Downloads/Algorix Project Doc/Fikret Bey /Pronouns/data/users/FurkanV1/words/Salı/rep3.wav,Salı,3,100.0,2528.17431640625,43.710598945617676,3.776
/Users/hasantekbas/Downloads/Algorix Project Doc/Fikret Bey /Pronouns/data/users/FurkanV1/words/Salı/rep4.wav,Salı,4,100.0,2741.518798828125,45.2388858795166,3.712
/Users/hasantekbas/Downloads/Algorix Project Doc/Fikret Bey /Pronouns/data/users/FurkanV1/words/Salı/rep5.wav,Salı,5,100.0,2869.751220703125,43.99995803833008,4.032
/Users/hasantekbas/Downloads/Algorix Project Doc/Fikret Bey /Pronouns/data/users/FurkanV1/words/Salı/rep6.wav,Salı,6,100.0,3758.087646484375,36.29917860031128,2.688
/Users/hasantekbas/Downloads/Algorix Project Doc/Fikret Bey /Pronouns/data/users/FurkanV1/words/Salı/rep7.wav,Salı,7,100.0,2936.18505859375,44.75028991699219,3.968
/Users/hasantekbas/Downloads/Algorix Project Doc/Fikret Bey /Pronouns/data/users/FurkanV1/words/Salı/rep8.wav,Salı,8,100.0,2897.4189453125,46.655941009521484,3.52
/Users/hasantekbas/Downloads/Algorix Project Doc/Fikret Bey /Pronouns/data/users/FurkanV1/words/Salı/rep9.wav,Salı,9,100.0,1014.1499633789062,36.73788547515869,3.648
/Users/hasantekbas/Downloads/Algorix Project Doc/Fikret Bey /Pronouns/data/users/FurkanV1/words/Salı/rep10.wav,Salı,10,100.0,2639.7216796875,44.184370040893555,3.904
/Users/hasantekbas/Downloads/Algorix Project Doc/Fikret Bey /Pronouns/data/users/FurkanV1/words/Çarşamba/rep1.wav,Çarşamba,1,100.0,4127.33935546875,39.88452672958374,3.392
/Users/hasantekbas/Downloads/Algorix Project Doc/Fikret Bey /Pronouns/data/users/FurkanV1/words/Çarşamba/rep2.wav,Çarşamba,2,100.0,4510.787109375,40.11199951171875,2.88
/Users/hasantekbas/Downloads/Algorix Project Doc/Fikret Bey /Pronouns/data/users/FurkanV1/words/Çarşamba/rep3.wav,Çarşamba,3,100.0,3402.997314453125,42.15263366699219,4.544
/Users/hasantekbas/Downloads/Algorix Project Doc/Fikret Bey /Pronouns/data/users/FurkanV1/words/Çarşamba/rep4.wav,Çarşamba,4,100.0,3373.01904296875,44.72179889678955,4.352
/Users/hasantekbas/Downloads/Algorix Project Doc/Fikret Bey /Pronouns/data/users/FurkanV1/words/Çarşamba/rep5.wav,Çarşamba,5,100.0,3198.50927734375,42.88393974304199,3.968
/Users/hasantekbas/Downloads/Algorix Project Doc/Fikret Bey /Pronouns/data/users/FurkanV1/words/Çarşamba/rep6.wav,Çarşamba,6,100.0,3163.654296875,41.920928955078125,4.288
/Users/hasantekbas/Downloads/Algorix Project Doc/Fikret Bey /Pronouns/data/users/FurkanV1/words/Çarşamba/rep7.wav,Çarşamba,7,100.0,3046.63330078125,44.14973735809326,4.224
/Users/hasantekbas/Downloads/Algorix Project Doc/Fikret Bey /Pronouns/data/users/FurkanV1/words/Çarşamba/rep8.wav,Çarşamba,8,100.0,3028.18994140625,43.35609436035156,3.904
/Users/hasantekbas/Downloads/Algorix Project Doc/Fikret Bey /Pronouns/data/users/FurkanV1/words/Çarşamba/rep9.wav,Çarşamba,9,100.0,3143.748291015625,43.07748317718506,3.968
/Users/hasantekbas/Downloads/Algorix Project Doc/Fikret Bey /Pronouns/data/users/FurkanV1/words/Çarşamba/rep10.wav,Çarşamba,10,100.0,3139.75732421875,43.65035533905029,4.224
/Users/hasantekbas/Downloads/Algorix Project Doc/Fikret Bey /Pronouns/data/users/FurkanV1/words/Perşembe/rep1.wav,Perşembe,1,100.0,3815.618408203125,44.49538230895996,4.416
/Users/hasantekbas/Downloads/Algorix Project Doc/Fikret Bey /Pronouns/data/users/FurkanV1/words/Perşembe/rep2.wav,Perşembe,2,100.0,3560.700439453125,45.092434883117676,4.16
/Users/hasantekbas/Downloads/Algorix Project Doc/Fikret Bey /Pronouns/data/users/FurkanV1/words/Perşembe/rep3.wav,Perşembe,3,100.0,3427.838623046875,44.95508670806885,4.16
/Users/hasantekbas/Downloads/Algorix Project Doc/Fikret Bey /Pronouns/data/users/FurkanV1/words/Perşembe/rep4.wav,Perşembe,4,100.0,3493.02294921875,45.11139392852783,4.224
/Users/hasantekbas/Downloads/Algorix Project Doc/Fikret Bey /Pronouns/data/users/FurkanV1/words/Perşembe/rep5.wav,Perşembe,5,100.0,3202.160888671875,42.11627006530762,4.032
/Users/hasantekbas/Downloads/Algorix Project Doc/Fikret Bey /Pronouns/data/users/FurkanV1/words/Perşembe/rep6.wav,Perşembe,6,100.0,3532.0166015625,45.756497383117676,4.16
/Users/hasantekbas/Downloads/Algorix Project Doc/Fikret Bey /Pronouns/data/users/FurkanV1/words/Perşembe/rep7.wav,Perşembe,7,100.0,3741.98046875,46.00285053253174,4.16
/Users/hasantekbas/Downloads/Algorix Project Doc/Fikret Bey /Pronouns/data/users/FurkanV1/words/Perşembe/rep8.wav,Perşembe,8,100.0,3680.90771484375,43.22202205657959,3.904
/Users/hasantekbas/Downloads/Algorix Project Doc/Fikret Bey /Pronouns/data/users/FurkanV1/words/Perşembe/rep9.wav,Perşembe,9,100.0,3503.610595703125,44.443931579589844,4.352
/Users/hasantekbas/Downloads/Algorix Project Doc/Fikret Bey /Pronouns/data/users/FurkanV1/words/Perşembe/rep10.wav,Perşembe,10,100.0,3604.782470703125,45.29575824737549,4.48
/Users/hasantekbas/Downloads/Algorix Project Doc/Fikret Bey /Pronouns/data/users/FurkanV1/words/Cuma/rep1.wav,Cuma,1,100.0,3020.336181640625,47.595582008361816,3.584
/Users/hasantekbas/Downloads/Algorix Project Doc/Fikret Bey /Pronouns/data/users/FurkanV1/words/Cuma/rep2.wav,Cuma,2,100.0,2617.944091796875,45.50644397735596,3.648
/Users/hasantekbas/Downloads/Algorix Project Doc/Fikret Bey /Pronouns/data/users/FurkanV1/words/Cuma/rep3.wav,Cuma,3,100.0,2910.869140625,46.33430004119873,3.712
/Users/hasantekbas/Downloads/Algorix Project Doc/Fikret Bey /Pronouns/data/users/FurkanV1/words/Cuma/rep4.wav,Cuma,4,100.0,2438.830810546875,43.977670669555664,3.584
/Users/hasantekbas/Downloads/Algorix Project Doc/Fikret Bey /Pronouns/data/users/FurkanV1/words/Cuma/rep5.wav,Cuma,5,100.0,2927.668212890625,46.02534770965576,3.648
/Users/hasantekbas/Downloads/Algorix Project Doc/Fikret Bey /Pronouns/data/users/FurkanV1/words/Cuma/rep6.wav,Cuma,6,100.0,2776.7685546875,46.051950454711914,3.712
/Users/hasantekbas/Downloads/Algorix Project Doc/Fikret Bey /Pronouns/data/users/FurkanV1/words/Cuma/rep7.wav,Cuma,7,100.0,2322.2470703125,43.68030548095703,3.584
/Users/hasantekbas/Downloads/Algorix Project Doc/Fikret Bey /Pronouns/data/users/FurkanV1/words/Cuma/rep8.wav,Cuma,8,100.0,2617.9814453125,44.811463356018066,3.776
/Users/hasantekbas/Downloads/Algorix Project Doc/Fikret Bey /Pronouns/data/users/FurkanV1/words/Cuma/rep9.wav,Cuma,9,100.0,2187.545654296875,42.12538719177246,3.584
/Users/hasantekbas/Downloads/Algorix Project Doc/Fikret Bey /Pronouns/data/users/FurkanV1/words/Cuma/rep10.wav,Cuma,10,100.0,2502.5419921875,44.42391395568848,3.584
/Users/hasantekbas/Downloads/Algorix Project Doc/Fikret Bey /Pronouns/data/users/FurkanV1/words/Cumartesi/rep1.wav,Cumartesi,1,100.0,2723.674560546875,39.96284008026123,4.736
/Users/hasantekbas/Downloads/Algorix Project Doc/Fikret Bey /Pronouns/data/users/FurkanV1/words/Cumartesi/rep2.wav,Cumartesi,2,100.0,3814.739990234375,44.168639183044434,4.544
/Users/hasantekbas/Downloads/Algorix Project Doc/Fikret Bey /Pronouns/data/users/FurkanV1/words/Cumartesi/rep3.wav,Cumartesi,3,100.0,3122.09423828125,42.62446403503418,4.736
/Users/hasantekbas/Downloads/Algorix Project Doc/Fikret Bey /Pronouns/data/users/FurkanV1/words/Cumartesi/rep4.wav,Cumartesi,4,100.0,3032.54248046875,41.81533336639404,4.608
/Users/hasantekbas/Downloads/Algorix Project Doc/Fikret Bey /Pronouns/data/users/FurkanV1/words/Cumartesi/rep5.wav,Cumartesi,5,100.0,3277.496337890625,42.01470375061035,4.992
/Users/hasantekbas/Downloads/Algorix Project Doc/Fikret Bey /Pronouns/data/users/FurkanV1/words/Cumartesi/rep6.wav,Cumartesi,6,100.0,4482.40380859375,37.777581214904785,2.752
/Users/hasantekbas/Downloads/Algorix Project Doc/Fikret Bey /Pronouns/data/users/FurkanV1/words/Cumartesi/rep7.wav,Cumartesi,7,100.0,3238.8232421875,42.11973190307617,4.864
/Users/hasantekbas/Downloads/Algorix Project Doc/Fikret Bey /Pronouns/data/users/FurkanV1/words/Cumartesi/rep8.wav,Cumartesi,8,100.0,3349.170166015625,41.94081783294678,4.736
/Users/hasantekbas/Downloads/Algorix Project Doc/Fikret Bey /Pronouns/data/users/FurkanV1/words/Cumartesi/rep9.wav,Cumartesi,9,100.0,3646.959228515625,44.18469429016113,4.736
/Users/hasantekbas/Downloads/Algorix Project Doc/Fikret Bey /Pronouns/data/users/FurkanV1/words/Cumartesi/rep10.wav,Cumartesi,10,100.0,2840.9775390625,36.51244878768921,3.84
/Users/hasantekbas/Downloads/Algorix Project Doc/Fikret Bey /Pronouns/data/users/FurkanV1/words/Pazar/rep1.wav,Pazar,1,100.0,3349.31689453125,46.95610523223877,4.032
/Users/hasantekbas/Downloads/Algorix Project Doc/Fikret Bey /Pronouns/data/users/FurkanV1/words/Pazar/rep2.wav,Pazar,2,100.0,2719.14013671875,44.66322898864746,3.84
/Users/hasantekbas/Downloads/Algorix Project Doc/Fikret Bey /Pronouns/data/users/FurkanV1/words/Pazar/rep3.wav,Pazar,3,100.0,2875.63671875,43.94489765167236,4.096
/Users/hasantekbas/Downloads/Algorix Project Doc/Fikret Bey /Pronouns/data/users/FurkanV1/words/Pazar/rep4.wav,Pazar,4,100.0,3002.32373046875,45.87024688720703,3.84
/Users/hasantekbas/Downloads/Algorix Project Doc/Fikret Bey /Pronouns/data/users/FurkanV1/words/Pazar/rep5.wav,Pazar,5,100.0,491.2750549316406,31.165380477905273,2.688
/Users/hasantekbas/Downloads/Algorix Project Doc/Fikret Bey /Pronouns/data/users/FurkanV1/words/Pazar/rep6.wav,Pazar,6,100.0,4097.80078125,45.56107044219971,2.752
/Users/hasantekbas/Downloads/Algorix Project Doc/Fikret Bey /Pronouns/data/users/FurkanV1/words/Pazar/rep7.wav,Pazar,7,100.0,3372.220947265625,46.66741371154785,4.096
/Users/hasantekbas/Downloads/Algorix Project Doc/Fikret Bey /Pronouns/data/users/FurkanV1/words/Pazar/rep8.wav,Pazar,8,100.0,3342.045654296875,45.257554054260254,3.968
/Users/hasantekbas/Downloads/Algorix Project Doc/Fikret Bey /Pronouns/data/users/FurkanV1/words/Pazar/rep9.wav,Pazar,9,100.0,1898.8179931640625,42.90087699890137,3.584
/Users/hasantekbas/Downloads/Algorix Project Doc/Fikret Bey /Pronouns/data/users/FurkanV1/words/Pazar/rep10.wav,Pazar,10,100.0,3238.0283203125,40.1818323135376,2.752
/Users/hasantekbas/Downloads/Algorix Project Doc/Fikret Bey /Pronouns/data/users/FurkanV1/words/Ocak/rep1.wav,Ocak,1,100.0,2994.579345703125,43.55600833892822,3.776
/Users/hasantekbas/Downloads/Algorix Project Doc/Fikret Bey /Pronouns/data/users/FurkanV1/words/Ocak/rep2.wav,Ocak,2,100.0,2782.69677734375,43.88998985290527,3.712
/Users/hasantekbas/Downloads/Algorix Project Doc/Fikret Bey /Pronouns/data/users/FurkanV1/words/Ocak/rep3.wav,Ocak,3,100.0,2671.860107421875,43.40240955352783,3.776
/Users/hasantekbas/Downloads/Algorix Project Doc/Fikret Bey /Pronouns/data/users/FurkanV1/words/Ocak/rep4.wav,Ocak,4,100.0,2746.13134765625,42.37034797668457,3.84
/Users/hasantekbas/Downloads/Algorix Project Doc/Fikret Bey /Pronouns/data/users/FurkanV1/words/Ocak/rep5.wav,Ocak,5,100.0,2981.205322265625,44.387407302856445,3.008
/Users/hasantekbas/Downloads/Algorix Project Doc/Fikret Bey /Pronouns/data/users/FurkanV1/words/Ocak/rep6.wav,Ocak,6,100.0,2813.698974609375,43.91247272491455,3.776
/Users/hasantekbas/Downloads/Algorix Project Doc/Fikret Bey /Pronouns/data/users/FurkanV1/words/Ocak/rep7.wav,Ocak,7,100.0,2448.289306640625,45.31957149505615,3.584
/Users/hasantekbas/Downloads/Algorix Project Doc/Fikret Bey /Pronouns/data/users/FurkanV1/words/Ocak/rep8.wav,Ocak,8,100.0,3070.3720703125,45.743675231933594,3.456
/Users/hasantekbas/Downloads/Algorix Project Doc/Fikret Bey /Pronouns/data/users/FurkanV1/words/Ocak/rep9.wav,Ocak,9,100.0,3245.318115234375,45.681424140930176,4.032
/Users/hasantekbas/Downloads/Algorix Project Doc/Fikret Bey /Pronouns/data/users/FurkanV1/words/Ocak/rep10.wav,Ocak,10,100.0,3195.396484375,48.08040142059326,3.712
/Users/hasantekbas/Downloads/Algorix Project Doc/Fikret Bey /Pronouns/data/users/FurkanV1/words/Şubat/rep1.wav,Şubat,1,100.0,2957.2216796875,45.49788951873779,3.584
/Users/hasantekbas/Downloads/Algorix Project Doc/Fikret Bey /Pronouns/data/users/FurkanV1/words/Şubat/rep2.wav,Şubat,2,100.0,1918.5875244140625,42.839274406433105,2.816
/Users/hasantekbas/Downloads/Algorix Project Doc/Fikret Bey /Pronouns/data/users/FurkanV1/words/Şubat/rep3.wav,Şubat,3,100.0,3103.349365234375,44.614596366882324,3.84
/Users/hasantekbas/Downloads/Algorix Project Doc/Fikret Bey /Pronouns/data/users/FurkanV1/words/Şubat/rep4.wav,Şubat,4,100.0,3015.5419921875,44.17461395263672,3.904
/Users/hasantekbas/Downloads/Algorix Project Doc/Fikret Bey /Pronouns/data/users/FurkanV1/words/Şubat/rep5.wav,Şubat,5,100.0,2855.848388671875,42.63113021850586,3.904
/Users/hasantekbas/Downloads/Algorix Project Doc/Fikret Bey /Pronouns/data/users/FurkanV1/words/Şubat/rep6.wav,Şubat,6,100.0,2548.142333984375,43.07475566864014,3.84
/Users/hasantekbas/Downloads/Algorix Project Doc/Fikret Bey /Pronouns/data/users/FurkanV1/words/Şubat/rep7.wav,Şubat,7,100.0,3001.284912109375,44.419708251953125,3.776
/Users/hasantekbas/Downloads/Algorix Project Doc/Fikret Bey /Pronouns/data/users/FurkanV1/words/Şubat/rep8.wav,Şubat,8,100.0,2700.419677734375,43.332834243774414,3.712
/Users/hasantekbas/Downloads/Algorix Project Doc/Fikret Bey /Pronouns/data/users/FurkanV1/words/Şubat/rep9.wav,Şubat,9,100.0,2928.384765625,44.173574447631836,3.84
/Users/hasantekbas/Downloads/Algorix Project Doc/Fikret Bey /Pronouns/data/users/FurkanV1/words/Şubat/rep10.wav,Şubat,10,100.0,2826.493896484375,44.13538455963135,3.84
/Users/hasantekbas/Downloads/Algorix Project Doc/Fikret Bey /Pronouns/data/users/FurkanV1/words/Mart/rep1.wav,Mart,1,100.0,2721.61083984375,47.287936210632324,3.264
/Users/hasantekbas/Downloads/Algorix Project Doc/Fikret Bey /Pronouns/data/users/FurkanV1/words/Mart/rep2.wav,Mart,2,100.0,2662.972412109375,45.30576705932617,3.328
/Users/hasantekbas/Downloads/Algorix Project Doc/Fikret Bey /Pronouns/data/users/FurkanV1/words/Mart/rep3.wav,Mart,3,100.0,2296.50439453125,43.45892906188965,3.328
/Users/hasantekbas/Downloads/Algorix Project Doc/Fikret Bey /Pronouns/data/users/FurkanV1/words/Mart/rep4.wav,Mart,4,100.0,2651.255859375,45.027785301208496,3.328
/Users/hasantekbas/Downloads/Algorix Project Doc/Fikret Bey /Pronouns/data/users/FurkanV1/words/Mart/rep5.wav,Mart,5,100.0,2451.418212890625,45.12156009674072,3.264
/Users/hasantekbas/Downloads/Algorix Project Doc/Fikret Bey /Pronouns/data/users/FurkanV1/words/Mart/rep6.wav,Mart,6,100.0,2345.333984375,44.03252601623535,3.328
/Users/hasantekbas/Downloads/Algorix Project Doc/Fikret Bey /Pronouns/data/users/FurkanV1/words/Mart/rep7.wav,Mart,7,100.0,2448.44384765625,46.14931583404541,3.264
/Users/hasantekbas/Downloads/Algorix Project Doc/Fikret Bey /Pronouns/data/users/FurkanV1/words/Mart/rep8.wav,Mart,8,100.0,2373.48876953125,43.95787715911865,3.52
/Users/hasantekbas/Downloads/Algorix Project Doc/Fikret Bey /Pronouns/data/users/FurkanV1/words/Mart/rep9.wav,Mart,9,100.0,2845.571044921875,45.1672887802124,3.52
/Users/hasantekbas/Downloads/Algorix Project Doc/Fikret Bey /Pronouns/data/users/FurkanV1/words/Mart/rep10.wav,Mart,10,100.0,2696.9736328125,45.444374084472656,3.392
/Users/hasantekbas/Downloads/Algorix Project Doc/Fikret Bey /Pronouns/data/users/FurkanV1/words/Nisan/rep1.wav,Nisan,1,100.0,2004.361083984375,41.245155334472656,3.84
/Users/hasantekbas/Downloads/Algorix Project Doc/Fikret Bey /Pronouns/data/users/FurkanV1/words/Nisan/rep2.wav,Nisan,2,100.0,2750.034912109375,44.528770446777344,3.84
/Users/hasantekbas/Downloads/Algorix Project Doc/Fikret Bey /Pronouns/data/users/FurkanV1/words/Nisan/rep3.wav,Nisan,3,100.0,2478.486328125,45.768022537231445,3.776
/Users/hasantekbas/Downloads/Algorix Project Doc/Fikret Bey /Pronouns/data/users/FurkanV1/words/Nisan/rep4.wav,Nisan,4,100.0,2537.216064453125,45.4597282409668,3.584
/Users/hasantekbas/Downloads/Algorix Project Doc/Fikret Bey /Pronouns/data/users/FurkanV1/words/Nisan/rep5.wav,Nisan,5,100.0,2011.0469970703125,42.48898983001709,3.776
/Users/hasantekbas/Downloads/Algorix Project Doc/Fikret Bey /Pronouns/data/users/FurkanV1/words/Nisan/rep6.wav,Nisan,6,100.0,3142.321533203125,44.46944236755371,3.904
/Users/hasantekbas/Downloads/Algorix Project Doc/Fikret Bey /Pronouns/data/users/FurkanV1/words/Nisan/rep7.wav,Nisan,7,100.0,2257.70068359375,43.30735683441162,3.648
/Users/hasantekbas/Downloads/Algorix Project Doc/Fikret Bey /Pronouns/data/users/FurkanV1/words/Nisan/rep8.wav,Nisan,8,100.0,739.5831909179688,43.671627044677734,2.88
/Users/hasantekbas/Downloads/Algorix Project Doc/Fikret Bey /Pronouns/data/users/FurkanV1/words/Nisan/rep9.wav,Nisan,9,100.0,2432.280029296875,44.38638210296631,3.904
/Users/hasantekbas/Downloads/Algorix Project Doc/Fikret Bey /Pronouns/data/users/FurkanV1/words/Nisan/rep10.wav,Nisan,10,100.0,2794.238037109375,45.173983573913574,3.84
/Users/hasantekbas/Downloads/Algorix Project Doc/Fikret Bey /Pronouns/data/users/FurkanV1/words/Mayıs/rep1.wav,Mayıs,1,100.0,3043.801025390625,47.27613925933838,3.712
/Users/hasantekbas/Downloads/Algorix Project Doc/Fikret Bey /Pronouns/data/users/FurkanV1/words/Mayıs/rep2.wav,Mayıs,2,100.0,2687.017333984375,44.251976013183594,3.84
/Users/hasantekbas/Downloads/Algorix Project Doc/Fikret Bey /Pronouns/data/users/FurkanV1/words/Mayıs/rep3.wav,Mayıs,3,100.0,2659.397705078125,44.248318672180176,3.776
/Users/hasantekbas/Downloads/Algorix Project Doc/Fikret Bey /Pronouns/data/users/FurkanV1/words/Mayıs/rep4.wav,Mayıs,4,100.0,3018.9990234375,45.37276744842529,3.648
/Users/hasantekbas/Downloads/Algorix Project Doc/Fikret Bey /Pronouns/data/users/FurkanV1/words/Mayıs/rep5.wav,Mayıs,5,100.0,2728.6826171875,44.93556499481201,3.776
/Users/hasantekbas/Downloads/Algorix Project Doc/Fikret Bey /Pronouns/data/users/FurkanV1/words/Mayıs/rep6.wav,Mayıs,6,100.0,3442.587158203125,46.83925151824951,3.776
/Users/hasantekbas/Downloads/Algorix Project Doc/Fikret Bey /Pronouns/data/users/FurkanV1/words/Mayıs/rep7.wav,Mayıs,7,100.0,3035.8173828125,45.14796733856201,3.904
/Users/hasantekbas/Downloads/Algorix Project Doc/Fikret Bey /Pronouns/data/users/FurkanV1/words/Mayıs/rep8.wav,Mayıs,8,100.0,3000.565185546875,45.2272367477417,3.712
/Users/hasantekbas/Downloads/Algorix Project Doc/Fikret Bey /Pronouns/data/users/FurkanV1/words/Mayıs/rep9.wav,Mayıs,9,100.0,3004.783935546875,45.77831268310547,3.904
/Users/hasantekbas/Downloads/Algorix Project Doc/Fikret Bey /Pronouns/data/users/FurkanV1/words/Mayıs/rep10.wav,Mayıs,10,100.0,2570.3505859375,42.21538066864014,3.968
/Users/hasantekbas/Downloads/Algorix Project Doc/Fikret Bey /Pronouns/data/users/FurkanV1/words/Haziran/rep1.wav,Haziran,1,100.0,2735.785888671875,43.38274955749512,4.16
/Users/hasantekbas/Downloads/Algorix Project Doc/Fikret Bey /Pronouns/data/users/FurkanV1/words/Haziran/rep2.wav,Haziran,2,100.0,2834.839599609375,43.58499526977539,4.032
/Users/hasantekbas/Downloads/Algorix Project Doc/Fikret Bey /Pronouns/data/users/FurkanV1/words/Haziran/rep3.wav,Haziran,3,100.0,2747.2861328125,42.9360294342041,4.032
/Users/hasantekbas/Downloads/Algorix Project Doc/Fikret Bey /Pronouns/data/users/FurkanV1/words/Haziran/rep4.wav,Haziran,4,100.0,2575.249267578125,37.93518304824829,3.136
/Users/hasantekbas/Downloads/Algorix Project Doc/Fikret Bey /Pronouns/data/users/FurkanV1/words/Haziran/rep5.wav,Haziran,5,100.0,2880.56982421875,43.58054161071777,3.968
/Users/hasantekbas/Downloads/Algorix Project Doc/Fikret Bey /Pronouns/data/users/FurkanV1/words/Haziran/rep6.wav,Haziran,6,100.0,3105.1162109375,46.00657939910889,4.224
/Users/hasantekbas/Downloads/Algorix Project Doc/Fikret Bey /Pronouns/data/users/FurkanV1/words/Haziran/rep7.wav,Haziran,7,100.0,2647.99267578125,43.786749839782715,4.032
/Users/hasantekbas/Downloads/Algorix Project Doc/Fikret Bey /Pronouns/data/users/FurkanV1/words/Haziran/rep8.wav,Haziran,8,100.0,2751.27294921875,39.95850324630737,3.264
/Users/hasantekbas/Downloads/Algorix Project Doc/Fikret Bey /Pronouns/data/users/FurkanV1/words/Haziran/rep9.wav,Haziran,9,100.0,2460.570068359375,38.10830593109131,3.136
/Users/hasantekbas/Downloads/Algorix Project Doc/Fikret Bey /Pronouns/data/users/FurkanV1/words/Haziran/rep10.wav,Haziran,10,100.0,2355.992919921875,41.901445388793945,3.84
/Users/hasantekbas/Downloads/Algorix Project Doc/Fikret Bey /Pronouns/data/users/FurkanV1/words/Temmuz/rep1.wav,Temmuz,1,100.0,4384.1953125,41.96310043334961,2.88
/Users/hasantekbas/Downloads/Algorix Project Doc/Fikret Bey /Pronouns/data/users/FurkanV1/words/Temmuz/rep2.wav,Temmuz,2,100.0,3294.52294921875,45.30282974243164,3.904
/Users/hasantekbas/Downloads/Algorix Project Doc/Fikret Bey /Pronouns/data/users/FurkanV1/words/Temmuz/rep3.wav,Temmuz,3,100.0,2729.77490234375,43.48283290863037,3.968
/Users/hasantekbas/Downloads/Algorix Project Doc/Fikret Bey /Pronouns/data/users/FurkanV1/words/Temmuz/rep4.wav,Temmuz,4,100.0,2003.16064453125,43.39653015136719,3.648
/Users/hasantekbas/Downloads/Algorix Project Doc/Fikret Bey /Pronouns/data/users/FurkanV1/words/Temmuz/rep5.wav,Temmuz,5,100.0,3689.036376953125,44.898953437805176,4.224
/Users/hasantekbas/Downloads/Algorix Project Doc/Fikret Bey /Pronouns/data/users/FurkanV1/words/Temmuz/rep6.wav,Temmuz,6,100.0,2756.080322265625,41.55458927154541,4.48
/Users/hasantekbas/Downloads/Algorix Project Doc/Fikret Bey /Pronouns/data/users/FurkanV1/words/Temmuz/rep7.wav,Temmuz,7,100.0,3027.291748046875,43.40409278869629,4.16
/Users/hasantekbas/Downloads/Algorix Project Doc/Fikret Bey /Pronouns/data/users/FurkanV1/words/Temmuz/rep8.wav,Temmuz,8,100.0,2614.273681640625,41.967735290527344,4.16
/Users/hasantekbas/Downloads/Algorix Project Doc/Fikret Bey /Pronouns/data/users/FurkanV1/words/Temmuz/rep9.wav,Temmuz,9,100.0,2567.627685546875,41.59391403198242,4.288
/Users/hasantekbas/Downloads/Algorix Project Doc/Fikret Bey /Pronouns/data/users/FurkanV1/words/Temmuz/rep10.wav,Temmuz,10,100.0,2965.576171875,42.174696922302246,4.416
/Users/hasantekbas/Downloads/Algorix Project Doc/Fikret Bey /Pronouns/data/users/FurkanV1/words/Ağustos/rep1.wav,Ağustos,1,100.0,3762.460693359375,37.33198881149292,3.456
/Users/hasantekbas/Downloads/Algorix Project Doc/Fikret Bey /Pronouns/data/users/FurkanV1/words/Ağustos/rep2.wav,Ağustos,2,100.0,2692.518798828125,43.30764293670654,3.904
/Users/hasantekbas/Downloads/Algorix Project Doc/Fikret Bey /Pronouns/data/users/FurkanV1/words/Ağustos/rep3.wav,Ağustos,3,100.0,3121.783203125,43.52687358856201,3.968
/Users/hasantekbas/Downloads/Algorix Project Doc/Fikret Bey /Pronouns/data/users/FurkanV1/words/Ağustos/rep4.wav,Ağustos,4,100.0,3483.345703125,43.591980934143066,4.352
/Users/hasantekbas/Downloads/Algorix Project Doc/Fikret Bey /Pronouns/data/users/FurkanV1/words/Ağustos/rep5.wav,Ağustos,5,100.0,2629.400634765625,42.812724113464355,3.904
/Users/hasantekbas/Downloads/Algorix Project Doc/Fikret Bey /Pronouns/data/users/FurkanV1/words/Ağustos/rep6.wav,Ağustos,6,100.0,2310.10986328125,41.35892868041992,4.16
/Users/hasantekbas/Downloads/Algorix Project Doc/Fikret Bey /Pronouns/data/users/FurkanV1/words/Ağustos/rep7.wav,Ağustos,7,100.0,2435.871826171875,44.183712005615234,3.904
/Users/hasantekbas/Downloads/Algorix Project Doc/Fikret Bey /Pronouns/data/users/FurkanV1/words/Ağustos/rep8.wav,Ağustos,8,100.0,2628.5576171875,43.44841957092285,3.776
/Users/hasantekbas/Downloads/Algorix Project Doc/Fikret Bey /Pronouns/data/users/FurkanV1/words/Ağustos/rep9.wav,Ağustos,9,100.0,2386.80419921875,43.2100772857666,3.84
/Users/hasantekbas/Downloads/Algorix Project Doc/Fikret Bey /Pronouns/data/users/FurkanV1/words/Ağustos/rep10.wav,Ağustos,10,100.0,2518.303955078125,42.760629653930664,3.904
/Users/hasantekbas/Downloads/Algorix Project Doc/Fikret Bey /Pronouns/data/users/FurkanV1/words/Eylül/rep1.wav,Eylül,1,100.0,3123.2197265625,48.95947456359863,3.52
/Users/hasantekbas/Downloads/Algorix Project Doc/Fikret Bey /Pronouns/data/users/FurkanV1/words/Eylül/rep2.wav,Eylül,2,100.0,3443.25927734375,48.86515140533447,3.648
/Users/hasantekbas/Downloads/Algorix Project Doc/Fikret Bey /Pronouns/data/users/FurkanV1/words/Eylül/rep3.wav,Eylül,3,100.0,2822.811279296875,44.613685607910156,3.776
/Users/hasantekbas/Downloads/Algorix Project Doc/Fikret Bey /Pronouns/data/users/FurkanV1/words/Eylül/rep4.wav,Eylül,4,100.0,3132.133056640625,47.96919822692871,3.584
/Users/hasantekbas/Downloads/Algorix Project Doc/Fikret Bey /Pronouns/data/users/FurkanV1/words/Eylül/rep5.wav,Eylül,5,100.0,2822.1396484375,46.13581657409668,3.584
/Users/hasantekbas/Downloads/Algorix Project Doc/Fikret Bey /Pronouns/data/users/FurkanV1/words/Eylül/rep6.wav,Eylül,6,100.0,2884.040771484375,46.11380577087402,3.712
/Users/hasantekbas/Downloads/Algorix Project Doc/Fikret Bey /Pronouns/data/users/FurkanV1/words/Eylül/rep7.wav,Eylül,7,100.0,2606.22607421875,44.535460472106934,3.712
/Users/hasantekbas/Downloads/Algorix Project Doc/Fikret Bey /Pronouns/data/users/FurkanV1/words/Eylül/rep8.wav,Eylül,8,100.0,2679.981689453125,45.092668533325195,3.584
/Users/hasantekbas/Downloads/Algorix Project Doc/Fikret Bey /Pronouns/data/users/FurkanV1/words/Eylül/rep9.wav,Eylül,9,100.0,2483.40869140625,46.88889980316162,3.456
/Users/hasantekbas/Downloads/Algorix Project Doc/Fikret Bey /Pronouns/data/users/FurkanV1/words/Eylül/rep10.wav,Eylül,10,100.0,2463.603271484375,46.300272941589355,3.52
/Users/hasantekbas/Downloads/Algorix Project Doc/Fikret Bey /Pronouns/data/users/FurkanV1/words/Ekim/rep1.wav,Ekim,1,100.0,2142.87939453125,42.52357482910156,3.264
/Users/hasantekbas/Downloads/Algorix Project Doc/Fikret Bey /Pronouns/data/users/FurkanV1/words/Ekim/rep2.wav,Ekim,2,100.0,2240.433349609375,42.081642150878906,3.392
/Users/hasantekbas/Downloads/Algorix Project Doc/Fikret Bey /Pronouns/data/users/FurkanV1/words/Ekim/rep3.wav,Ekim,3,100.0,2161.54443359375,43.167710304260254,3.328
/Users/hasantekbas/Downloads/Algorix Project Doc/Fikret Bey /Pronouns/data/users/FurkanV1/words/Ekim/rep4.wav,Ekim,4,100.0,2360.978271484375,43.29922676086426,3.2
/Users/hasantekbas/Downloads/Algorix Project Doc/Fikret Bey /Pronouns/data/users/FurkanV1/words/Ekim/rep5.wav,Ekim,5,100.0,2228.58740234375,42.38132953643799,3.2
/Users/hasantekbas/Downloads/Algorix Project Doc/Fikret Bey /Pronouns/data/users/FurkanV1/words/Ekim/rep6.wav,Ekim,6,100.0,2436.290771484375,43.49201202392578,3.264
/Users/hasantekbas/Downloads/Algorix Project Doc/Fikret Bey /Pronouns/data/users/FurkanV1/words/Ekim/rep7.wav,Ekim,7,100.0,1946.9395751953125,41.32946014404297,3.2
/Users/hasantekbas/Downloads/Algorix Project Doc/Fikret Bey /Pronouns/data/users/FurkanV1/words/Ekim/rep8.wav,Ekim,8,100.0,2320.089111328125,43.495635986328125,3.328
/Users/hasantekbas/Downloads/Algorix Project Doc/Fikret Bey /Pronouns/data/users/FurkanV1/words/Ekim/rep9.wav,Ekim,9,100.0,2173.087158203125,41.38256072998047,3.456
/Users/hasantekbas/Downloads/Algorix Project Doc/Fikret Bey /Pronouns/data/users/FurkanV1/words/Ekim/rep10.wav,Ekim,10,100.0,2105.78662109375,42.63090133666992,3.264
/Users/hasantekbas/Downloads/Algorix Project Doc/Fikret Bey /Pronouns/data/users/FurkanV1/words/Kasım/rep1.wav,Kasım,1,100.0,2267.40478515625,44.919071197509766,3.584
/Users/hasantekbas/Downloads/Algorix Project Doc/Fikret Bey /Pronouns/data/users/FurkanV1/words/Kasım/rep2.wav,Kasım,2,100.0,2795.978759765625,40.46154499053955,2.88
/Users/hasantekbas/Downloads/Algorix Project Doc/Fikret Bey /Pronouns/data/users/FurkanV1/words/Kasım/rep3.wav,Kasım,3,100.0,2814.177734375,40.69232940673828,2.816
/Users/hasantekbas/Downloads/Algorix Project Doc/Fikret Bey /Pronouns/data/users/FurkanV1/words/Kasım/rep4.wav,Kasım,4,100.0,2793.9462890625,40.89012622833252,2.816
/Users/hasantekbas/Downloads/Algorix Project Doc/Fikret Bey /Pronouns/data/users/FurkanV1/words/Kasım/rep5.wav,Kasım,5,100.0,2757.96875,40.21445274353027,2.88
/Users/hasantekbas/Downloads/Algorix Project Doc/Fikret Bey /Pronouns/data/users/FurkanV1/words/Kasım/rep6.wav,Kasım,6,100.0,3066.803466796875,42.002267837524414,2.816
/Users/hasantekbas/Downloads/Algorix Project Doc/Fikret Bey /Pronouns/data/users/FurkanV1/words/Kasım/rep7.wav,Kasım,7,100.0,3062.978515625,41.09079360961914,2.752
/Users/hasantekbas/Downloads/Algorix Project Doc/Fikret Bey /Pronouns/data/users/FurkanV1/words/Kasım/rep8.wav,Kasım,8,100.0,3003.85498046875,45.31178951263428,4.032
/Users/hasantekbas/Downloads/Algorix Project Doc/Fikret Bey /Pronouns/data/users/FurkanV1/words/Kasım/rep9.wav,Kasım,9,100.0,2844.651611328125,44.78518486022949,3.968
/Users/hasantekbas/Downloads/Algorix Project Doc/Fikret Bey /Pronouns/data/users/FurkanV1/words/Kasım/rep10.wav,Kasım,10,100.0,2921.95849609375,43.049821853637695,3.904
/Users/hasantekbas/Downloads/Algorix Project Doc/Fikret Bey /Pronouns/data/users/FurkanV1/words/Aralık/rep1.wav,Aralık,1,100.0,2917.791015625,45.33355712890625,4.16
/Users/hasantekbas/Downloads/Algorix Project Doc/Fikret Bey /Pronouns/data/users/FurkanV1/words/Aralık/rep2.wav,Aralık,2,100.0,3348.464599609375,45.05841255187988,4.352
/Users/hasantekbas/Downloads/Algorix Project Doc/Fikret Bey /Pronouns/data/users/FurkanV1/words/Aralık/rep3.wav,Aralık,3,100.0,3231.060302734375,44.458584785461426,4.224
/Users/hasantekbas/Downloads/Algorix Project Doc/Fikret Bey /Pronouns/data/users/FurkanV1/words/Aralık/rep4.wav,Aralık,4,100.0,3591.8837890625,44.11168098449707,4.416
/Users/hasantekbas/Downloads/Algorix Project Doc/Fikret Bey /Pronouns/data/users/FurkanV1/words/Aralık/rep5.wav,Aralık,5,100.0,3394.883544921875,43.60044002532959,4.416
/Users/hasantekbas/Downloads/Algorix Project Doc/Fikret Bey /Pronouns/data/users/FurkanV1/words/Aralık/rep6.wav,Aralık,6,100.0,3052.20654296875,42.921485900878906,4.352
/Users/hasantekbas/Downloads/Algorix Project Doc/Fikret Bey /Pronouns/data/users/FurkanV1/words/Aralık/rep7.wav,Aralık,7,100.0,3662.7958984375,44.479737281799316,4.352
/Users/hasantekbas/Downloads/Algorix Project Doc/Fikret Bey /Pronouns/data/users/FurkanV1/words/Aralık/rep8.wav,Aralık,8,100.0,3043.299072265625,43.89510631561279,4.224
/Users/hasantekbas/Downloads/Algorix Project Doc/Fikret Bey /Pronouns/data/users/FurkanV1/words/Aralık/rep9.wav,Aralık,9,100.0,3398.468505859375,43.949851989746094,4.288
/Users/hasantekbas/Downloads/Algorix Project Doc/Fikret Bey /Pronouns/data/users/FurkanV1/words/Aralık/rep10.wav,Aralık,10,100.0,3193.376953125,43.409690856933594,4.352
/Users/hasantekbas/Downloads/Algorix Project Doc/Fikret Bey /Pronouns/data/users/FurkanV1/words/Yüz/rep1.wav,Yüz,1,100.0,2048.80615234375,45.238327980041504,3.2
/Users/hasantekbas/Downloads/Algorix Project Doc/Fikret Bey /Pronouns/data/users/FurkanV1/words/Yüz/rep2.wav,Yüz,2,100.0,2600.861572265625,47.16500282287598,3.2
/Users/hasantekbas/Downloads/Algorix Project Doc/Fikret Bey /Pronouns/data/users/FurkanV1/words/Yüz/rep3.wav,Yüz,3,100.0,1816.536865234375,44.458746910095215,3.072
/Users/hasantekbas/Downloads/Algorix Project Doc/Fikret Bey /Pronouns/data/users/FurkanV1/words/Yüz/rep4.wav,Yüz,4,100.0,1820.7401123046875,42.920475006103516,3.136
/Users/hasantekbas/Downloads/Algorix Project Doc/Fikret Bey /Pronouns/data/users/FurkanV1/words/Yüz/rep5.wav,Yüz,5,100.0,1929.173828125,46.14734172821045,3.136
/Users/hasantekbas/Downloads/Algorix Project Doc/Fikret Bey /Pronouns/data/users/FurkanV1/words/Yüz/rep6.wav,Yüz,6,100.0,2078.52294921875,44.54237461090088,3.2
/Users/hasantekbas/Downloads/Algorix Project Doc/Fikret Bey /Pronouns/data/users/FurkanV1/words/Yüz/rep7.wav,Yüz,7,100.0,2540.6220703125,48.77853870391846,3.2
/Users/hasantekbas/Downloads/Algorix Project Doc/Fikret Bey /Pronouns/data/users/FurkanV1/words/Yüz/rep8.wav,Yüz,8,100.0,1800.443359375,44.048752784729004,3.2
/Users/hasantekbas/Downloads/Algorix Project Doc/Fikret Bey /Pronouns/data/users/FurkanV1/words/Yüz/rep9.wav,Yüz,9,100.0,1212.080078125,41.8108606338501,3.072
/Users/hasantekbas/Downloads/Algorix Project Doc/Fikret Bey /Pronouns/data/users/FurkanV1/words/Yüz/rep10.wav,Yüz,10,100.0,1720.845947265625,32.214345932006836,2.88
/Users/hasantekbas/Downloads/Algorix Project Doc/Fikret Bey /Pronouns/data/users/FurkanV1/words/Bin/rep1.wav,Bin,1,100.0,1573.5628662109375,43.89718055725098,3.264
/Users/hasantekbas/Downloads/Algorix Project Doc/Fikret Bey /Pronouns/data/users/FurkanV1/words/Bin/rep2.wav,Bin,2,100.0,3452.406005859375,49.06561851501465,3.2
/Users/hasantekbas/Downloads/Algorix Project Doc/Fikret Bey /Pronouns/data/users/FurkanV1/words/Bin/rep3.wav,Bin,3,100.0,2502.850830078125,49.91072654724121,3.072
/Users/hasantekbas/Downloads/Algorix Project Doc/Fikret Bey /Pronouns/data/users/FurkanV1/words/Bin/rep4.wav,Bin,4,100.0,2466.6689453125,51.933956146240234,3.072
/Users/hasantekbas/Downloads/Algorix Project Doc/Fikret Bey /Pronouns/data/users/FurkanV1/words/Bin/rep5.wav,Bin,5,100.0,2581.403076171875,50.20681858062744,3.072
/Users/hasantekbas/Downloads/Algorix Project Doc/Fikret Bey /Pronouns/data/users/FurkanV1/words/Bin/rep6.wav,Bin,6,100.0,2695.675537109375,49.264702796936035,3.136
/Users/hasantekbas/Downloads/Algorix Project Doc/Fikret Bey /Pronouns/data/users/FurkanV1/words/Bin/rep7.wav,Bin,7,100.0,2634.426513671875,48.21982383728027,3.264
/Users/hasantekbas/Downloads/Algorix Project Doc/Fikret Bey /Pronouns/data/users/FurkanV1/words/Bin/rep8.wav,Bin,8,100.0,2377.16748046875,49.37382698059082,3.136
/Users/hasantekbas/Downloads/Algorix Project Doc/Fikret Bey /Pronouns/data/users/FurkanV1/words/Bin/rep9.wav,Bin,9,100.0,2509.978271484375,49.39952373504639,3.072
/Users/hasantekbas/Downloads/Algorix Project Doc/Fikret Bey /Pronouns/data/users/FurkanV1/words/Bin/rep10.wav,Bin,10,100.0,2994.563720703125,51.54869556427002,3.2
/Users/hasantekbas/Downloads/Algorix Project Doc/Fikret Bey /Pronouns/data/users/FurkanV1/words/Milyon/rep1.wav,Milyon,1,100.0,3442.09423828125,49.784417152404785,3.52
/Users/hasantekbas/Downloads/Algorix Project Doc/Fikret Bey /Pronouns/data/users/FurkanV1/words/Milyon/rep2.wav,Milyon,2,100.0,3940.834716796875,44.21585559844971,2.816
/Users/hasantekbas/Downloads/Algorix Project Doc/Fikret Bey /Pronouns/data/users/FurkanV1/words/Milyon/rep3.wav,Milyon,3,100.0,3091.516845703125,48.77901554107666,3.52
/Users/hasantekbas/Downloads/Algorix Project Doc/Fikret Bey /Pronouns/data/users/FurkanV1/words/Milyon/rep4.wav,Milyon,4,100.0,2249.443603515625,41.37931823730469,3.584
/Users/hasantekbas/Downloads/Algorix Project Doc/Fikret Bey /Pronouns/data/users/FurkanV1/words/Milyon/rep5.wav,Milyon,5,100.0,2317.81689453125,46.270480155944824,3.264
/Users/hasantekbas/Downloads/Algorix Project Doc/Fikret Bey /Pronouns/data/users/FurkanV1/words/Milyon/rep6.wav,Milyon,6,100.0,3089.40478515625,49.67728137969971,3.52
/Users/hasantekbas/Downloads/Algorix Project Doc/Fikret Bey /Pronouns/data/users/FurkanV1/words/Milyon/rep7.wav,Milyon,7,100.0,3895.376953125,49.36713218688965,3.776
/Users/hasantekbas/Downloads/Algorix Project Doc/Fikret Bey /Pronouns/data/users/FurkanV1/words/Milyon/rep8.wav,Milyon,8,100.0,3038.76904296875,48.65897178649902,3.584
/Users/hasantekbas/Downloads/Algorix Project Doc/Fikret Bey /Pronouns/data/users/FurkanV1/words/Milyon/rep9.wav,Milyon,9,100.0,3753.71142578125,49.468417167663574,3.712
/Users/hasantekbas/Downloads/Algorix Project Doc/Fikret Bey /Pronouns/data/users/FurkanV1/words/Milyon/rep10.wav,Milyon,10,100.0,2609.83349609375,47.09287166595459,3.584
/Users/hasantekbas/Downloads/Algorix Project Doc/Fikret Bey /Pronouns/data/users/FurkanV1/words/Milyar/rep1.wav,Milyar,1,100.0,3122.82958984375,47.964720726013184,3.712
/Users/hasantekbas/Downloads/Algorix Project Doc/Fikret Bey /Pronouns/data/users/FurkanV1/words/Milyar/rep2.wav,Milyar,2,100.0,2478.809814453125,45.88020324707031,3.584
/Users/hasantekbas/Downloads/Algorix Project Doc/Fikret Bey /Pronouns/data/users/FurkanV1/words/Milyar/rep3.wav,Milyar,3,100.0,3010.887939453125,47.28721618652344,3.776
/Users/hasantekbas/Downloads/Algorix Project Doc/Fikret Bey /Pronouns/data/users/FurkanV1/words/Milyar/rep4.wav,Milyar,4,100.0,3338.739501953125,46.56112194061279,3.84
/Users/hasantekbas/Downloads/Algorix Project Doc/Fikret Bey /Pronouns/data/users/FurkanV1/words/Milyar/rep5.wav,Milyar,5,100.0,2734.359130859375,45.80860614776611,3.712
/Users/hasantekbas/Downloads/Algorix Project Doc/Fikret Bey /Pronouns/data/users/FurkanV1/words/Milyar/rep6.wav,Milyar,6,100.0,1663.797119140625,36.78030490875244,3.2
/Users/hasantekbas/Downloads/Algorix Project Doc/Fikret Bey /Pronouns/data/users/FurkanV1/words/Milyar/rep7.wav,Milyar,7,100.0,2703.969970703125,45.78465938568115,3.712
/Users/hasantekbas/Downloads/Algorix Project Doc/Fikret Bey /Pronouns/data/users/FurkanV1/words/Milyar/rep8.wav,Milyar,8,100.0,2322.392578125,45.156965255737305,3.584
/Users/hasantekbas/Downloads/Algorix Project Doc/Fikret Bey /Pronouns/data/users/FurkanV1/words/Milyar/rep9.wav,Milyar,9,100.0,1983.2542724609375,42.80311107635498,3.584
/Users/hasantekbas/Downloads/Algorix Project Doc/Fikret Bey /Pronouns/data/users/FurkanV1/words/Milyar/rep10.wav,Milyar,10,100.0,3616.857177734375,49.81576919555664,3.648
/Users/hasantekbas/Downloads/Algorix Project Doc/Fikret Bey /Pronouns/data/users/FurkanV1/words/ve/rep1.wav,ve,1,100.0,1319.54541015625,43.56340408325195,3.072
/Users/hasantekbas/Downloads/Algorix Project Doc/Fikret Bey /Pronouns/data/users/FurkanV1/words/ve/rep2.wav,ve,2,100.0,1999.4080810546875,46.83598041534424,3.136
/Users/hasantekbas/Downloads/Algorix Project Doc/Fikret Bey /Pronouns/data/users/FurkanV1/words/ve/rep3.wav,ve,3,100.0,2080.435546875,48.39826583862305,3.072
/Users/hasantekbas/Downloads/Algorix Project Doc/Fikret Bey /Pronouns/data/users/FurkanV1/words/ve/rep4.wav,ve,4,100.0,2156.354248046875,47.33782768249512,3.136
/Users/hasantekbas/Downloads/Algorix Project Doc/Fikret Bey /Pronouns/data/users/FurkanV1/words/ve/rep5.wav,ve,5,100.0,1869.5745849609375,47.79397487640381,3.008
/Users/hasantekbas/Downloads/Algorix Project Doc/Fikret Bey /Pronouns/data/users/FurkanV1/words/ve/rep6.wav,ve,6,100.0,1782.991455078125,48.246283531188965,2.944
/Users/hasantekbas/Downloads/Algorix Project Doc/Fikret Bey /Pronouns/data/users/FurkanV1/words/ve/rep7.wav,ve,7,100.0,1344.90087890625,45.126471519470215,3.008
/Users/hasantekbas/Downloads/Algorix Project Doc/Fikret Bey /Pronouns/data/users/FurkanV1/words/ve/rep8.wav,ve,8,100.0,1717.12158203125,46.733970642089844,3.008
/Users/hasantekbas/Downloads/Algorix Project Doc/Fikret Bey /Pronouns/data/users/FurkanV1/words/ve/rep9.wav,ve,9,100.0,1739.291259765625,47.14517593383789,3.008
/Users/hasantekbas/Downloads/Algorix Project Doc/Fikret Bey /Pronouns/data/users/FurkanV1/words/ve/rep10.wav,ve,10,100.0,1833.0667724609375,46.93234920501709,3.072
/Users/hasantekbas/Downloads/Algorix Project Doc/Fikret Bey /Pronouns/data/users/FurkanV1/words/bu/rep1.wav,bu,1,100.0,992.8361206054688,41.975388526916504,3.072
/Users/hasantekbas/Downloads/Algorix Project Doc/Fikret Bey /Pronouns/data/users/FurkanV1/words/bu/rep2.wav,bu,2,100.0,724.64501953125,42.04927921295166,2.816
/Users/hasantekbas/Downloads/Algorix Project Doc/Fikret Bey /Pronouns/data/users/FurkanV1/words/bu/rep3.wav,bu,3,100.0,672.6799926757812,37.42315053939819,3.136
/Users/hasantekbas/Downloads/Algorix Project Doc/Fikret Bey /Pronouns/data/users/FurkanV1/words/bu/rep4.wav,bu,4,100.0,1456.334228515625,43.36604118347168,3.2
/Users/hasantekbas/Downloads/Algorix Project Doc/Fikret Bey /Pronouns/data/users/FurkanV1/words/bu/rep5.wav,bu,5,100.0,1546.548095703125,44.04184818267822,3.136
/Users/hasantekbas/Downloads/Algorix Project Doc/Fikret Bey /Pronouns/data/users/FurkanV1/words/bu/rep6.wav,bu,6,100.0,1617.6312255859375,44.73517894744873,3.136
/Users/hasantekbas/Downloads/Algorix Project Doc/Fikret Bey /Pronouns/data/users/FurkanV1/words/bu/rep7.wav,bu,7,100.0,1969.7091064453125,48.92864227294922,2.944
/Users/hasantekbas/Downloads/Algorix Project Doc/Fikret Bey /Pronouns/data/users/FurkanV1/words/bu/rep8.wav,bu,8,100.0,1889.32080078125,46.773409843444824,3.072
/Users/hasantekbas/Downloads/Algorix Project Doc/Fikret Bey /Pronouns/data/users/FurkanV1/words/bu/rep9.wav,bu,9,100.0,1553.8785400390625,45.97724437713623,2.944
/Users/hasantekbas/Downloads/Algorix Project Doc/Fikret Bey /Pronouns/data/users/FurkanV1/words/bu/rep10.wav,bu,10,100.0,1738.5521240234375,45.31824588775635,3.2
/Users/hasantekbas/Downloads/Algorix Project Doc/Fikret Bey /Pronouns/data/users/FurkanV1/words/da/rep1.wav,da,1,100.0,1944.5386962890625,44.780826568603516,3.136
/Users/hasantekbas/Downloads/Algorix Project Doc/Fikret Bey /Pronouns/data/users/FurkanV1/words/da/rep2.wav,da,2,100.0,2047.6431884765625,46.14511013031006,3.2
/Users/hasantekbas/Downloads/Algorix Project Doc/Fikret Bey /Pronouns/data/users/FurkanV1/words/da/rep3.wav,da,3,100.0,1763.82373046875,45.66716194152832,3.136
/Users/hasantekbas/Downloads/Algorix Project Doc/Fikret Bey /Pronouns/data/users/FurkanV1/words/da/rep4.wav,da,4,100.0,1667.645751953125,45.263919830322266,3.136
/Users/hasantekbas/Downloads/Algorix Project Doc/Fikret Bey /Pronouns/data/users/FurkanV1/words/da/rep5.wav,da,5,100.0,1561.186767578125,42.259883880615234,3.264
/Users/hasantekbas/Downloads/Algorix Project Doc/Fikret Bey /Pronouns/data/users/FurkanV1/words/da/rep6.wav,da,6,100.0,1802.83154296875,50.07702350616455,2.944
/Users/hasantekbas/Downloads/Algorix Project Doc/Fikret Bey /Pronouns/data/users/FurkanV1/words/da/rep7.wav,da,7,100.0,1578.497802734375,43.68745803833008,3.136
/Users/hasantekbas/Downloads/Algorix Project Doc/Fikret Bey /Pronouns/data/users/FurkanV1/words/da/rep8.wav,da,8,100.0,1719.9991455078125,47.98756122589111,2.944
/Users/hasantekbas/Downloads/Algorix Project Doc/Fikret Bey /Pronouns/data/users/FurkanV1/words/da/rep9.wav,da,9,100.0,1629.4652099609375,48.231096267700195,2.88
/Users/hasantekbas/Downloads/Algorix Project Doc/Fikret Bey /Pronouns/data/users/FurkanV1/words/da/rep10.wav,da,10,100.0,1663.359130859375,48.628034591674805,2.88
/Users/hasantekbas/Downloads/Algorix Project Doc/Fikret Bey /Pronouns/data/users/FurkanV1/words/de/rep1.wav,de,1,100.0,1784.969482421875,43.349928855895996,2.88
/Users/hasantekbas/Downloads/Algorix Project Doc/Fikret Bey /Pronouns/data/users/FurkanV1/words/de/rep2.wav,de,2,100.0,1584.2911376953125,49.00321006774902,2.944
/Users/hasantekbas/Downloads/Algorix Project Doc/Fikret Bey /Pronouns/data/users/FurkanV1/words/de/rep3.wav,de,3,100.0,421.14794921875,37.06282377243042,2.88
/Users/hasantekbas/Downloads/Algorix Project Doc/Fikret Bey /Pronouns/data/users/FurkanV1/words/de/rep4.wav,de,4,100.0,1831.7392578125,42.89134502410889,2.816
/Users/hasantekbas/Downloads/Algorix Project Doc/Fikret Bey /Pronouns/data/users/FurkanV1/words/de/rep5.wav,de,5,100.0,1804.049560546875,43.0141019821167,3.328
/Users/hasantekbas/Downloads/Algorix Project Doc/Fikret Bey /Pronouns/data/users/FurkanV1/words/de/rep6.wav,de,6,100.0,1920.669921875,49.05153274536133,2.88
/Users/hasantekbas/Downloads/Algorix Project Doc/Fikret Bey /Pronouns/data/users/FurkanV1/words/de/rep7.wav,de,7,100.0,1641.6392822265625,49.09836292266846,2.88
/Users/hasantekbas/Downloads/Algorix Project Doc/Fikret Bey /Pronouns/data/users/FurkanV1/words/de/rep8.wav,de,8,100.0,1782.024169921875,44.3974494934082,3.264
/Users/hasantekbas/Downloads/Algorix Project Doc/Fikret Bey /Pronouns/data/users/FurkanV1/words/de/rep9.wav,de,9,100.0,1958.044921875,45.49901485443115,2.752
/Users/hasantekbas/Downloads/Algorix Project Doc/Fikret Bey /Pronouns/data/users/FurkanV1/words/de/rep10.wav,de,10,100.0,1897.08740234375,43.78488063812256,3.264
/Users/hasantekbas/Downloads/Algorix Project Doc/Fikret Bey /Pronouns/data/users/FurkanV1/words/için/rep1.wav,için,1,100.0,1594.709228515625,39.63976860046387,3.52
/Users/hasantekbas/Downloads/Algorix Project Doc/Fikret Bey /Pronouns/data/users/FurkanV1/words/için/rep2.wav,için,2,100.0,1970.7708740234375,43.21713447570801,3.52
/Users/hasantekbas/Downloads/Algorix Project Doc/Fikret Bey /Pronouns/data/users/FurkanV1/words/için/rep3.wav,için,3,100.0,2520.45703125,44.77548599243164,3.136
/Users/hasantekbas/Downloads/Algorix Project Doc/Fikret Bey /Pronouns/data/users/FurkanV1/words/için/rep4.wav,için,4,100.0,2376.8642578125,44.53720569610596,3.136
/Users/hasantekbas/Downloads/Algorix Project Doc/Fikret Bey /Pronouns/data/users/FurkanV1/words/için/rep5.wav,için,5,100.0,2420.5732421875,43.9893913269043,3.136
/Users/hasantekbas/Downloads/Algorix Project Doc/Fikret Bey /Pronouns/data/users/FurkanV1/words/için/rep6.wav,için,6,100.0,2291.919189453125,46.371541023254395,3.392
/Users/hasantekbas/Downloads/Algorix Project Doc/Fikret Bey /Pronouns/data/users/FurkanV1/words/için/rep7.wav,için,7,100.0,2324.835693359375,47.41313934326172,3.328
/Users/hasantekbas/Downloads/Algorix Project Doc/Fikret Bey /Pronouns/data/users/FurkanV1/words/için/rep8.wav,için,8,100.0,2152.966552734375,45.98853588104248,3.264
/Users/hasantekbas/Downloads/Algorix Project Doc/Fikret Bey /Pronouns/data/users/FurkanV1/words/için/rep9.wav,için,9,100.0,2311.823974609375,46.33828639984131,3.392
/Users/hasantekbas/Downloads/Algorix Project Doc/Fikret Bey /Pronouns/data/users/FurkanV1/words/için/rep10.wav,için,10,100.0,1731.6573486328125,37.3967170715332,2.816
/Users/hasantekbas/Downloads/Algorix Project Doc/Fikret Bey /Pronouns/data/users/FurkanV1/words/ile/rep1.wav,ile,1,100.0,2703.807861328125,48.091721534729004,3.392
/Users/hasantekbas/Downloads/Algorix Project Doc/Fikret Bey /Pronouns/data/users/FurkanV1/words/ile/rep2.wav,ile,2,100.0,1973.82470703125,43.05432319641113,3.52
/Users/hasantekbas/Downloads/Algorix Project Doc/Fikret Bey /Pronouns/data/users/FurkanV1/words/ile/rep3.wav,ile,3,100.0,2710.427978515625,47.521629333496094,3.392
/Users/hasantekbas/Downloads/Algorix Project Doc/Fikret Bey /Pronouns/data/users/FurkanV1/words/ile/rep4.wav,ile,4,100.0,2466.9091796875,47.276644706726074,3.392
/Users/hasantekbas/Downloads/Algorix Project Doc/Fikret Bey /Pronouns/data/users/FurkanV1/words/ile/rep5.wav,ile,5,100.0,2268.68359375,46.02787971496582,3.392
/Users/hasantekbas/Downloads/Algorix Project Doc/Fikret Bey /Pronouns/data/users/FurkanV1/words/ile/rep6.wav,ile,6,100.0,2719.49853515625,47.716002464294434,3.328
/Users/hasantekbas/Downloads/Algorix Project Doc/Fikret Bey /Pronouns/data/users/FurkanV1/words/ile/rep7.wav,ile,7,100.0,2806.515380859375,48.27950477600098,3.328
/Users/hasantekbas/Downloads/Algorix Project Doc/Fikret Bey /Pronouns/data/users/FurkanV1/words/ile/rep8.wav,ile,8,100.0,2756.397216796875,47.70435333251953,3.52
/Users/hasantekbas/Downloads/Algorix Project Doc/Fikret Bey /Pronouns/data/users/FurkanV1/words/ile/rep9.wav,ile,9,100.0,3239.4716796875,49.920854568481445,3.328
/Users/hasantekbas/Downloads/Algorix Project Doc/Fikret Bey /Pronouns/data/users/FurkanV1/words/ile/rep10.wav,ile,10,100.0,2586.83642578125,46.50045394897461,3.584
/Users/hasantekbas/Downloads/Algorix Project Doc/Fikret Bey /Pronouns/data/users/FurkanV1/words/ama/rep1.wav,ama,1,100.0,2527.6044921875,47.594332695007324,3.392
/Users/hasantekbas/Downloads/Algorix Project Doc/Fikret Bey /Pronouns/data/users/FurkanV1/words/ama/rep2.wav,ama,2,100.0,2627.78125,46.44295692443848,3.392
/Users/hasantekbas/Downloads/Algorix Project Doc/Fikret Bey /Pronouns/data/users/FurkanV1/words/ama/rep3.wav,ama,3,100.0,2636.180419921875,48.18593978881836,3.392
/Users/hasantekbas/Downloads/Algorix Project Doc/Fikret Bey /Pronouns/data/users/FurkanV1/words/ama/rep4.wav,ama,4,100.0,2832.364501953125,47.464308738708496,3.52
/Users/hasantekbas/Downloads/Algorix Project Doc/Fikret Bey /Pronouns/data/users/FurkanV1/words/ama/rep5.wav,ama,5,100.0,2538.27587890625,47.396240234375,3.392
/Users/hasantekbas/Downloads/Algorix Project Doc/Fikret Bey /Pronouns/data/users/FurkanV1/words/ama/rep6.wav,ama,6,100.0,2853.718505859375,48.497867584228516,3.456
/Users/hasantekbas/Downloads/Algorix Project Doc/Fikret Bey /Pronouns/data/users/FurkanV1/words/ama/rep7.wav,ama,7,100.0,3202.456298828125,49.871459007263184,3.328
/Users/hasantekbas/Downloads/Algorix Project Doc/Fikret Bey /Pronouns/data/users/FurkanV1/words/ama/rep8.wav,ama,8,100.0,2820.26416015625,48.920226097106934,3.264
/Users/hasantekbas/Downloads/Algorix Project Doc/Fikret Bey /Pronouns/data/users/FurkanV1/words/ama/rep9.wav,ama,9,100.0,2303.818603515625,41.18724822998047,3.584
/Users/hasantekbas/Downloads/Algorix Project Doc/Fikret Bey /Pronouns/data/users/FurkanV1/words/ama/rep10.wav,ama,10,100.0,3090.45361328125,48.1834602355957,3.52
/Users/hasantekbas/Downloads/Algorix Project Doc/Fikret Bey /Pronouns/data/users/FurkanV1/words/gibi/rep1.wav,gibi,1,100.0,2451.8642578125,43.88123035430908,3.84
/Users/hasantekbas/Downloads/Algorix Project Doc/Fikret Bey /Pronouns/data/users/FurkanV1/words/gibi/rep2.wav,gibi,2,100.0,2715.428955078125,43.62772464752197,3.84
/Users/hasantekbas/Downloads/Algorix Project Doc/Fikret Bey /Pronouns/data/users/FurkanV1/words/gibi/rep3.wav,gibi,3,100.0,2912.330810546875,43.68973255157471,3.456
/Users/hasantekbas/Downloads/Algorix Project Doc/Fikret Bey /Pronouns/data/users/FurkanV1/words/gibi/rep4.wav,gibi,4,100.0,2219.94677734375,42.92807102203369,3.584
/Users/hasantekbas/Downloads/Algorix Project Doc/Fikret Bey /Pronouns/data/users/FurkanV1/words/gibi/rep5.wav,gibi,5,100.0,2372.5771484375,42.83759593963623,3.776
/Users/hasantekbas/Downloads/Algorix Project Doc/Fikret Bey /Pronouns/data/users/FurkanV1/words/gibi/rep6.wav,gibi,6,100.0,3036.109619140625,42.638163566589355,3.52
/Users/hasantekbas/Downloads/Algorix Project Doc/Fikret Bey /Pronouns/data/users/FurkanV1/words/gibi/rep7.wav,gibi,7,100.0,2700.54150390625,43.34566593170166,3.648
/Users/hasantekbas/Downloads/Algorix Project Doc/Fikret Bey /Pronouns/data/users/FurkanV1/words/gibi/rep8.wav,gibi,8,100.0,3272.784423828125,43.74189853668213,3.584
/Users/hasantekbas/Downloads/Algorix Project Doc/Fikret Bey /Pronouns/data/users/FurkanV1/words/gibi/rep9.wav,gibi,9,100.0,3238.29638671875,43.434367179870605,3.52
/Users/hasantekbas/Downloads/Algorix Project Doc/Fikret Bey /Pronouns/data/users/FurkanV1/words/gibi/rep10.wav,gibi,10,100.0,3145.41357421875,44.47147846221924,3.52
/Users/hasantekbas/Downloads/Algorix Project Doc/Fikret Bey /Pronouns/data/users/FurkanV1/words/çok/rep1.wav,çok,1,100.0,2140.8525390625,45.71530342102051,3.264
/Users/hasantekbas/Downloads/Algorix Project Doc/Fikret Bey /Pronouns/data/users/FurkanV1/words/çok/rep2.wav,çok,2,100.0,2046.3428955078125,42.71255970001221,3.264
/Users/hasantekbas/Downloads/Algorix Project Doc/Fikret Bey /Pronouns/data/users/FurkanV1/words/çok/rep3.wav,çok,3,100.0,2061.205810546875,46.538615226745605,3.264
/Users/hasantekbas/Downloads/Algorix Project Doc/Fikret Bey /Pronouns/data/users/FurkanV1/words/çok/rep4.wav,çok,4,100.0,2405.354736328125,48.525938987731934,3.264
/Users/hasantekbas/Downloads/Algorix Project Doc/Fikret Bey /Pronouns/data/users/FurkanV1/words/çok/rep5.wav,çok,5,100.0,2280.73095703125,46.0758638381958,3.2
/Users/hasantekbas/Downloads/Algorix Project Doc/Fikret Bey /Pronouns/data/users/FurkanV1/words/çok/rep6.wav,çok,6,100.0,2466.8203125,44.38056945800781,3.328
/Users/hasantekbas/Downloads/Algorix Project Doc/Fikret Bey /Pronouns/data/users/FurkanV1/words/çok/rep7.wav,çok,7,100.0,3391.60595703125,44.71508502960205,2.688
/Users/hasantekbas/Downloads/Algorix Project Doc/Fikret Bey /Pronouns/data/users/FurkanV1/words/çok/rep8.wav,çok,8,100.0,2133.777587890625,43.360514640808105,3.392
/Users/hasantekbas/Downloads/Algorix Project Doc/Fikret Bey /Pronouns/data/users/FurkanV1/words/çok/rep9.wav,çok,9,100.0,2300.112548828125,44.645466804504395,3.456
/Users/hasantekbas/Downloads/Algorix Project Doc/Fikret Bey /Pronouns/data/users/FurkanV1/words/çok/rep10.wav,çok,10,100.0,1788.01416015625,45.77199935913086,3.392
/Users/hasantekbas/Downloads/Algorix Project Doc/Fikret Bey /Pronouns/data/users/FurkanV1/words/daha/rep1.wav,daha,1,100.0,2632.260009765625,45.02166271209717,3.712
/Users/hasantekbas/Downloads/Algorix Project Doc/Fikret Bey /Pronouns/data/users/FurkanV1/words/daha/rep2.wav,daha,2,100.0,3596.31787109375,43.53738307952881,2.688
/Users/hasantekbas/Downloads/Algorix Project Doc/Fikret Bey /Pronouns/data/users/FurkanV1/words/daha/rep3.wav,daha,3,100.0,4025.430419921875,44.429030418395996,3.2
/Users/hasantekbas/Downloads/Algorix Project Doc/Fikret Bey /Pronouns/data/users/FurkanV1/words/daha/rep4.wav,daha,4,100.0,2345.764404296875,46.51255130767822,3.456
/Users/hasantekbas/Downloads/Algorix Project Doc/Fikret Bey /Pronouns/data/users/FurkanV1/words/daha/rep5.wav,daha,5,100.0,3008.486083984375,47.937917709350586,3.584
/Users/hasantekbas/Downloads/Algorix Project Doc/Fikret Bey /Pronouns/data/users/FurkanV1/words/daha/rep6.wav,daha,6,100.0,2482.856689453125,46.92169666290283,3.648
/Users/hasantekbas/Downloads/Algorix Project Doc/Fikret Bey /Pronouns/data/users/FurkanV1/words/daha/rep7.wav,daha,7,100.0,2876.28369140625,48.24204921722412,3.52
/Users/hasantekbas/Downloads/Algorix Project Doc/Fikret Bey /Pronouns/data/users/FurkanV1/words/daha/rep8.wav,daha,8,100.0,2700.375244140625,49.00284290313721,3.52
/Users/hasantekbas/Downloads/Algorix Project Doc/Fikret Bey /Pronouns/data/users/FurkanV1/words/daha/rep9.wav,daha,9,100.0,2717.51904296875,48.156771659851074,3.52
/Users/hasantekbas/Downloads/Algorix Project Doc/Fikret Bey /Pronouns/data/users/FurkanV1/words/daha/rep10.wav,daha,10,100.0,2632.659912109375,44.41572189331055,3.84
/Users/hasantekbas/Downloads/Algorix Project Doc/Fikret Bey /Pronouns/data/users/FurkanV1/words/olan/rep1.wav,olan,1,100.0,2788.82763671875,47.702035903930664,3.584
/Users/hasantekbas/Downloads/Algorix Project Doc/Fikret Bey /Pronouns/data/users/FurkanV1/words/olan/rep2.wav,olan,2,100.0,2860.550537109375,47.072486877441406,3.456
/Users/hasantekbas/Downloads/Algorix Project Doc/Fikret Bey /Pronouns/data/users/FurkanV1/words/olan/rep3.wav,olan,3,100.0,4518.3837890625,48.098602294921875,2.624
/Users/hasantekbas/Downloads/Algorix Project Doc/Fikret Bey /Pronouns/data/users/FurkanV1/words/olan/rep4.wav,olan,4,100.0,3222.0048828125,48.27075958251953,3.648
/Users/hasantekbas/Downloads/Algorix Project Doc/Fikret Bey /Pronouns/data/users/FurkanV1/words/olan/rep5.wav,olan,5,100.0,3387.580810546875,47.654595375061035,3.776
/Users/hasantekbas/Downloads/Algorix Project Doc/Fikret Bey /Pronouns/data/users/FurkanV1/words/olan/rep6.wav,olan,6,100.0,3359.556396484375,49.546451568603516,3.456
/Users/hasantekbas/Downloads/Algorix Project Doc/Fikret Bey /Pronouns/data/users/FurkanV1/words/olan/rep7.wav,olan,7,100.0,3261.46337890625,47.065086364746094,3.52
/Users/hasantekbas/Downloads/Algorix Project Doc/Fikret Bey /Pronouns/data/users/FurkanV1/words/olan/rep8.wav,olan,8,100.0,3420.819091796875,48.946309089660645,3.456
/Users/hasantekbas/Downloads/Algorix Project Doc/Fikret Bey /Pronouns/data/users/FurkanV1/words/olan/rep9.wav,olan,9,100.0,2466.15966796875,44.10571575164795,3.648
/Users/hasantekbas/Downloads/Algorix Project Doc/Fikret Bey /Pronouns/data/users/FurkanV1/words/olan/rep10.wav,olan,10,100.0,3003.795166015625,46.92496299743652,3.52
/Users/hasantekbas/Downloads/Algorix Project Doc/Fikret Bey /Pronouns/data/users/FurkanV1/words/olarak/rep1.wav,olarak,1,100.0,3501.185791015625,45.86409568786621,3.904
/Users/hasantekbas/Downloads/Algorix Project Doc/Fikret Bey /Pronouns/data/users/FurkanV1/words/olarak/rep2.wav,olarak,2,100.0,3250.162841796875,44.98046875,3.84
/Users/hasantekbas/Downloads/Algorix Project Doc/Fikret Bey /Pronouns/data/users/FurkanV1/words/olarak/rep3.wav,olarak,3,100.0,2596.202392578125,42.55776405334473,3.776
/Users/hasantekbas/Downloads/Algorix Project Doc/Fikret Bey /Pronouns/data/users/FurkanV1/words/olarak/rep4.wav,olarak,4,100.0,3419.68994140625,43.23807239532471,4.16
/Users/hasantekbas/Downloads/Algorix Project Doc/Fikret Bey /Pronouns/data/users/FurkanV1/words/olarak/rep5.wav,olarak,5,100.0,3220.485595703125,46.307005882263184,4.16
/Users/hasantekbas/Downloads/Algorix Project Doc/Fikret Bey /Pronouns/data/users/FurkanV1/words/olarak/rep6.wav,olarak,6,100.0,3192.59912109375,46.429991722106934,3.968
/Users/hasantekbas/Downloads/Algorix Project Doc/Fikret Bey /Pronouns/data/users/FurkanV1/words/olarak/rep7.wav,olarak,7,100.0,3234.7041015625,47.68136024475098,3.904
/Users/hasantekbas/Downloads/Algorix Project Doc/Fikret Bey /Pronouns/data/users/FurkanV1/words/olarak/rep8.wav,olarak,8,100.0,3257.7177734375,47.864460945129395,3.84
/Users/hasantekbas/Downloads/Algorix Project Doc/Fikret Bey /Pronouns/data/users/FurkanV1/words/olarak/rep9.wav,olarak,9,100.0,3636.025146484375,48.064775466918945,3.968
/Users/hasantekbas/Downloads/Algorix Project Doc/Fikret Bey /Pronouns/data/users/FurkanV1/words/olarak/rep10.wav,olarak,10,100.0,3355.989990234375,46.912879943847656,3.968
/Users/hasantekbas/Downloads/Algorix Project Doc/Fikret Bey /Pronouns/data/users/FurkanV1/words/her/rep1.wav,her,1,100.0,2217.309326171875,50.30423641204834,2.944
/Users/hasantekbas/Downloads/Algorix Project Doc/Fikret Bey /Pronouns/data/users/FurkanV1/words/her/rep2.wav,her,2,100.0,1088.822265625,44.7376012802124,3.008
/Users/hasantekbas/Downloads/Algorix Project Doc/Fikret Bey /Pronouns/data/users/FurkanV1/words/her/rep3.wav,her,3,100.0,1196.43994140625,32.4908185005188,2.688
/Users/hasantekbas/Downloads/Algorix Project Doc/Fikret Bey /Pronouns/data/users/FurkanV1/words/her/rep4.wav,her,4,100.0,1400.322509765625,39.52252149581909,3.008
/Users/hasantekbas/Downloads/Algorix Project Doc/Fikret Bey /Pronouns/data/users/FurkanV1/words/her/rep5.wav,her,5,100.0,1459.679443359375,46.28443241119385,3.072
/Users/hasantekbas/Downloads/Algorix Project Doc/Fikret Bey /Pronouns/data/users/FurkanV1/words/her/rep6.wav,her,6,100.0,1049.1363525390625,41.55191898345947,3.072
/Users/hasantekbas/Downloads/Algorix Project Doc/Fikret Bey /Pronouns/data/users/FurkanV1/words/her/rep7.wav,her,7,100.0,2043.1275634765625,49.80767250061035,3.136
/Users/hasantekbas/Downloads/Algorix Project Doc/Fikret Bey /Pronouns/data/users/FurkanV1/words/her/rep8.wav,her,8,100.0,1026.4482421875,40.18433094024658,2.688
/Users/hasantekbas/Downloads/Algorix Project Doc/Fikret Bey /Pronouns/data/users/FurkanV1/words/her/rep9.wav,her,9,100.0,2057.553466796875,48.53346824645996,3.072
/Users/hasantekbas/Downloads/Algorix Project Doc/Fikret Bey /Pronouns/data/users/FurkanV1/words/her/rep10.wav,her,10,100.0,1814.34130859375,48.86433124542236,3.008
/Users/hasantekbas/Downloads/Algorix Project Doc/Fikret Bey /Pronouns/data/users/FurkanV1/words/şu/rep1.wav,şu,1,100.0,1833.1912841796875,46.50782585144043,3.136
/Users/hasantekbas/Downloads/Algorix Project Doc/Fikret Bey /Pronouns/data/users/FurkanV1/words/şu/rep2.wav,şu,2,100.0,2252.813232421875,49.68813896179199,3.136
/Users/hasantekbas/Downloads/Algorix Project Doc/Fikret Bey /Pronouns/data/users/FurkanV1/words/şu/rep3.wav,şu,3,100.0,2013.1988525390625,47.52540111541748,3.136
/Users/hasantekbas/Downloads/Algorix Project Doc/Fikret Bey /Pronouns/data/users/FurkanV1/words/şu/rep4.wav,şu,4,100.0,2360.984375,49.908037185668945,3.072
/Users/hasantekbas/Downloads/Algorix Project Doc/Fikret Bey /Pronouns/data/users/FurkanV1/words/şu/rep5.wav,şu,5,100.0,1844.64013671875,46.13872051239014,3.136
/Users/hasantekbas/Downloads/Algorix Project Doc/Fikret Bey /Pronouns/data/users/FurkanV1/words/şu/rep6.wav,şu,6,100.0,1887.5283203125,46.62879943847656,3.2
/Users/hasantekbas/Downloads/Algorix Project Doc/Fikret Bey /Pronouns/data/users/FurkanV1/words/şu/rep7.wav,şu,7,100.0,1670.0928955078125,43.01455497741699,3.2
/Users/hasantekbas/Downloads/Algorix Project Doc/Fikret Bey /Pronouns/data/users/FurkanV1/words/şu/rep8.wav,şu,8,100.0,1733.9296875,45.8599853515625,3.072
/Users/hasantekbas/Downloads/Algorix Project Doc/Fikret Bey /Pronouns/data/users/FurkanV1/words/şu/rep9.wav,şu,9,100.0,1809.524169921875,47.03996658325195,3.072
/Users/hasantekbas/Downloads/Algorix Project Doc/Fikret Bey /Pronouns/data/users/FurkanV1/words/şu/rep10.wav,şu,10,100.0,1624.8734130859375,45.625319480895996,3.136
/Users/hasantekbas/Downloads/Algorix Project Doc/Fikret Bey /Pronouns/data/users/FurkanV1/words/ben/rep1.wav,ben,1,100.0,2031.78515625,47.55697250366211,3.072
/Users/hasantekbas/Downloads/Algorix Project Doc/Fikret Bey /Pronouns/data/users/FurkanV1/words/ben/rep2.wav,ben,2,100.0,1967.0997314453125,45.3856086730957,3.136
/Users/hasantekbas/Downloads/Algorix Project Doc/Fikret Bey /Pronouns/data/users/FurkanV1/words/ben/rep3.wav,ben,3,100.0,1882.6385498046875,46.55519962310791,3.072
/Users/hasantekbas/Downloads/Algorix Project Doc/Fikret Bey /Pronouns/data/users/FurkanV1/words/ben/rep4.wav,ben,4,100.0,2233.818115234375,47.6940393447876,3.136
/Users/hasantekbas/Downloads/Algorix Project Doc/Fikret Bey /Pronouns/data/users/FurkanV1/words/ben/rep5.wav,ben,5,100.0,2033.7587890625,48.066205978393555,3.136
/Users/hasantekbas/Downloads/Algorix Project Doc/Fikret Bey /Pronouns/data/users/FurkanV1/words/ben/rep6.wav,ben,6,100.0,1955.775634765625,43.2811164855957,3.072
/Users/hasantekbas/Downloads/Algorix Project Doc/Fikret Bey /Pronouns/data/users/FurkanV1/words/ben/rep7.wav,ben,7,100.0,2215.039794921875,49.06547546386719,3.136
/Users/hasantekbas/Downloads/Algorix Project Doc/Fikret Bey /Pronouns/data/users/FurkanV1/words/ben/rep8.wav,ben,8,100.0,2214.3115234375,47.2224235534668,3.328
/Users/hasantekbas/Downloads/Algorix Project Doc/Fikret Bey /Pronouns/data/users/FurkanV1/words/ben/rep9.wav,ben,9,100.0,2418.484130859375,46.198811531066895,3.392
/Users/hasantekbas/Downloads/Algorix Project Doc/Fikret Bey /Pronouns/data/users/FurkanV1/words/ben/rep10.wav,ben,10,100.0,1849.85498046875,46.30327224731445,3.136
/Users/hasantekbas/Downloads/Algorix Project Doc/Fikret Bey /Pronouns/data/users/FurkanV1/words/sen/rep1.wav,sen,1,100.0,1936.651611328125,46.18868827819824,3.2
/Users/hasantekbas/Downloads/Algorix Project Doc/Fikret Bey /Pronouns/data/users/FurkanV1/words/sen/rep2.wav,sen,2,100.0,1722.2120361328125,45.06614685058594,3.072
/Users/hasantekbas/Downloads/Algorix Project Doc/Fikret Bey /Pronouns/data/users/FurkanV1/words/sen/rep3.wav,sen,3,100.0,1875.1905517578125,48.567843437194824,3.072
/Users/hasantekbas/Downloads/Algorix Project Doc/Fikret Bey /Pronouns/data/users/FurkanV1/words/sen/rep4.wav,sen,4,100.0,1699.5889892578125,48.09117317199707,3.072
/Users/hasantekbas/Downloads/Algorix Project Doc/Fikret Bey /Pronouns/data/users/FurkanV1/words/sen/rep5.wav,sen,5,100.0,1781.523681640625,46.077303886413574,3.072
/Users/hasantekbas/Downloads/Algorix Project Doc/Fikret Bey /Pronouns/data/users/FurkanV1/words/sen/rep6.wav,sen,6,100.0,1910.64599609375,46.52944564819336,3.2
/Users/hasantekbas/Downloads/Algorix Project Doc/Fikret Bey /Pronouns/data/users/FurkanV1/words/sen/rep7.wav,sen,7,100.0,2326.649169921875,50.29103755950928,3.072
/Users/hasantekbas/Downloads/Algorix Project Doc/Fikret Bey /Pronouns/data/users/FurkanV1/words/sen/rep8.wav,sen,8,100.0,1982.4002685546875,47.90956497192383,3.008
/Users/hasantekbas/Downloads/Algorix Project Doc/Fikret Bey /Pronouns/data/users/FurkanV1/words/sen/rep9.wav,sen,9,100.0,1972.630615234375,48.553528785705566,3.008
/Users/hasantekbas/Downloads/Algorix Project Doc/Fikret Bey /Pronouns/data/users/FurkanV1/words/sen/rep10.wav,sen,10,100.0,3481.58740234375,31.563546657562256,1.152
/Users/hasantekbas/Downloads/Algorix Project Doc/Fikret Bey /Pronouns/data/users/FurkanV1/words/o/rep1.wav,o,1,100.0,1334.376708984375,47.42745399475098,2.88
/Users/hasantekbas/Downloads/Algorix Project Doc/Fikret Bey /Pronouns/data/users/FurkanV1/words/o/rep2.wav,o,2,100.0,1124.364501953125,46.55359745025635,2.944
/Users/hasantekbas/Downloads/Algorix Project Doc/Fikret Bey /Pronouns/data/users/FurkanV1/words/o/rep3.wav,o,3,100.0,1839.1097412109375,50.294551849365234,2.944
/Users/hasantekbas/Downloads/Algorix Project Doc/Fikret Bey /Pronouns/data/users/FurkanV1/words/o/rep4.wav,o,4,100.0,1612.5247802734375,48.60495567321777,2.944
/Users/hasantekbas/Downloads/Algorix Project Doc/Fikret Bey /Pronouns/data/users/FurkanV1/words/o/rep5.wav,o,5,100.0,1833.66162109375,49.61789608001709,2.88
/Users/hasantekbas/Downloads/Algorix Project Doc/Fikret Bey /Pronouns/data/users/FurkanV1/words/o/rep6.wav,o,6,100.0,1550.650634765625,48.53531837463379,2.88
/Users/hasantekbas/Downloads/Algorix Project Doc/Fikret Bey /Pronouns/data/users/FurkanV1/words/o/rep7.wav,o,7,100.0,1716.9849853515625,48.885812759399414,2.944
/Users/hasantekbas/Downloads/Algorix Project Doc/Fikret Bey /Pronouns/data/users/FurkanV1/words/o/rep8.wav,o,8,100.0,1181.197998046875,43.25140953063965,3.008
/Users/hasantekbas/Downloads/Algorix Project Doc/Fikret Bey /Pronouns/data/users/FurkanV1/words/o/rep9.wav,o,9,100.0,1784.5166015625,50.15007019042969,2.944
/Users/hasantekbas/Downloads/Algorix Project Doc/Fikret Bey /Pronouns/data/users/FurkanV1/words/o/rep10.wav,o,10,100.0,1594.06103515625,45.377464294433594,3.008
